/*
SQLyog Community v12.01 (64 bit)
MySQL - 5.7.20-log : Database - examiner
*********************************************************************
*/


/*!40101 SET NAMES utf8 */;

/*!40101 SET SQL_MODE=''*/;

/*!40014 SET @OLD_UNIQUE_CHECKS=@@UNIQUE_CHECKS, UNIQUE_CHECKS=0 */;
/*!40014 SET @OLD_FOREIGN_KEY_CHECKS=@@FOREIGN_KEY_CHECKS, FOREIGN_KEY_CHECKS=0 */;
/*!40101 SET @OLD_SQL_MODE=@@SQL_MODE, SQL_MODE='NO_AUTO_VALUE_ON_ZERO' */;
/*!40111 SET @OLD_SQL_NOTES=@@SQL_NOTES, SQL_NOTES=0 */;
CREATE DATABASE /*!32312 IF NOT EXISTS*/`examiner` /*!40100 DEFAULT CHARACTER SET utf8 */;

USE `examiner`;

/*Table structure for table `activity_tracker` */

DROP TABLE IF EXISTS `activity_tracker`;

CREATE TABLE `activity_tracker` (
  `id` bigint(20) NOT NULL AUTO_INCREMENT,
  `user_id` bigint(11) NOT NULL,
  `activity_type_id` bigint(20) NOT NULL,
  `activity_target_id` bigint(20) DEFAULT NULL,
  `activity_datetime` datetime NOT NULL,
  PRIMARY KEY (`id`),
  KEY `activity_type_id` (`activity_type_id`),
  KEY `user_id` (`user_id`),
  CONSTRAINT `activity_tracker_ibfk_1` FOREIGN KEY (`activity_type_id`) REFERENCES `activity_type` (`id`),
  CONSTRAINT `activity_tracker_ibfk_2` FOREIGN KEY (`user_id`) REFERENCES `user` (`id`)
) ENGINE=InnoDB DEFAULT CHARSET=utf8;

/*Data for the table `activity_tracker` */

/*Table structure for table `activity_type` */

DROP TABLE IF EXISTS `activity_type`;

CREATE TABLE `activity_type` (
  `id` bigint(20) NOT NULL AUTO_INCREMENT,
  `activity` varchar(1000) NOT NULL,
  PRIMARY KEY (`id`)
) ENGINE=InnoDB AUTO_INCREMENT=12 DEFAULT CHARSET=utf8;

/*Data for the table `activity_type` */

insert  into `activity_type`(`id`,`activity`) values (2,'student registered exam'),(3,'student started exam'),(4,'student selected an option'),(5,'student unselected an option'),(6,'student marked an option for review'),(7,'student unmarked an option for review'),(8,'student clicked on report issue'),(9,'student submitted a question'),(10,'student submitted a exam'),(11,'student clicked on a question');

/*Table structure for table `answer` */

DROP TABLE IF EXISTS `answer`;

CREATE TABLE `answer` (
  `id` bigint(20) NOT NULL AUTO_INCREMENT,
  `answer_text` text CHARACTER SET utf8,
  PRIMARY KEY (`id`)
) ENGINE=InnoDB AUTO_INCREMENT=5064 DEFAULT CHARSET=utf8 COLLATE=utf8_unicode_ci;

/*Data for the table `answer` */

insert  into `answer`(`id`,`answer_text`) values (1608,'(A)  LNOQ'),(1609,'(B)  NPRT'),(1610,'(C)  KMOQ'),(1611,'(A)  896'),(1612,'(C)  कीड़े-मकोड़े'),(1613,'(D)  सरीसृप'),(1614,'(D)  NRPT'),(1615,'(B)  968'),(1616,'(B)  ज्वालामुखी'),(1617,'(D)  986'),(1618,'(C)  पेड़'),(1619,'(C)  689'),(1620,'(A)  शाक'),(1621,'(B)  फूल'),(1622,'(A)  पक्षी'),(1623,'(A)  (85, 136)'),(1624,'(D)  झाड़ी'),(1625,'(B)  (34, 85)'),(1626,'(C)  (102, 153)'),(1627,'(D)  (63, 162)'),(1628,'(A)  बौद्ध'),(1629,'(B)   जैन '),(1630,'(C)  सिक्ख'),(1631,'(D)  पारसी'),(1632,'(A)  कुतुबुद्दीन ऐबक'),(1633,'(B)  बलबन '),(1634,'(C)  इल्तुतमिश '),(1635,'(B)  अनिरिदु '),(1636,'(C)  तुलुव'),(1637,'(A)  संगम'),(1638,'(D)  सालुव'),(1639,'(A)  महादेव देसाई '),(1640,'(B)  दयानंद सरस्वती'),(1641,'(C)  आचार्य नरेंद्र देव '),(1642,'(D)  गोपाल कृष्ण गोखले'),(1643,'(A)  84वां संविधान संशोधन अधिनियम '),(1644,'(D)  नसीरुद्दीन मुहम्मद '),(1645,'(C)  86वां संविधान संशोधन अधिनियम'),(1646,'(B)  85वां संविधान संशोधन अधिनियम'),(1647,'(D)   87वां संविधान संशोधन अधिनियम'),(1648,'(A)  23'),(1649,'(C)  124'),(1650,'(D)  127'),(1651,'.(C)  57 रु'),(1652,'(D)  60 रु.'),(1653,'(B)  58'),(1654,'(A)  49 रु'),(1655,'.(B)  51 '),(1656,'A)  9'),(1657,'(B)  18'),(1658,'(C)  21'),(1659,'(A)  38'),(1660,'(B)  40'),(1661,'(C)  30'),(1662,'(D)  27'),(1663,'(D)  41'),(1664,'(A)  75'),(1665,'(C)  72'),(1666,'(D) 60'),(1667,NULL),(1668,NULL),(1669,NULL),(1670,NULL),(1671,'(B)  45'),(1672,'(A)  Destruction'),(1673,'(B)  Construction'),(1674,'(C)  Separation'),(1675,NULL),(1676,'(D)  Frustration'),(1677,NULL),(1678,NULL),(1679,NULL),(1680,'(A)  Quench'),(1681,'(B)  Mitigate '),(1682,'(C)  Heal '),(1683,'(D)  Agitate'),(1684,'(A)  Conniosseur'),(1685,'(C)  Connossieur'),(1686,'(D)  Connosseiur'),(1687,'(A)  He was not allowed '),(1688,'(B)  for the teacher '),(1689,'(B)  Connoisseur '),(1690,'(A)  I used '),(1691,'(B)  a pair of black trousers '),(1692,'(C)  to read in a low voice'),(1693,'(D)  No error.'),(1694,'(D)  No error.'),(1695,'(C)  for a week'),(1696,'(D)  सरीसृप'),(1697,'(B)  968'),(1698,'(A)  896'),(1699,'(D)  NRPT'),(1700,'(B)  NPRT'),(1701,'(B)  ज्वालामुखी'),(1702,'(A)  पक्षी'),(1703,'(A)  LNOQ'),(1704,'(C)  KMOQ'),(1705,'(C)  कीड़े-मकोड़े'),(1706,'(D)  986'),(1707,'(A)  शाक'),(1708,'(C)  689'),(1709,'(C)  पेड़'),(1710,'(A)  (85, 136)'),(1711,'(B)  (34, 85)'),(1712,'(C)  (102, 153)'),(1713,'(D)  (63, 162)'),(1714,'(B)  फूल'),(1715,'(D)  झाड़ी'),(1716,'(A)  बौद्ध'),(1717,'(B)   जैन '),(1718,'(C)  सिक्ख'),(1719,'(A)  कुतुबुद्दीन ऐबक'),(1720,'(B)  बलबन '),(1721,'(C)  इल्तुतमिश '),(1722,'(D)  नसीरुद्दीन मुहम्मद '),(1723,'(A)  संगम'),(1724,'(B)  अनिरिदु '),(1725,'(D)  पारसी'),(1726,'(C)  तुलुव'),(1727,'(D)  सालुव'),(1728,'(A)  महादेव देसाई '),(1729,'(C)  आचार्य नरेंद्र देव '),(1730,'(D)  गोपाल कृष्ण गोखले'),(1731,'(A)  84वां संविधान संशोधन अधिनियम '),(1732,'(B)  85वां संविधान संशोधन अधिनियम'),(1733,'(C)  86वां संविधान संशोधन अधिनियम'),(1734,'(D)   87वां संविधान संशोधन अधिनियम'),(1735,'(B)  दयानंद सरस्वती'),(1736,'(B)  58'),(1737,'(C)  124'),(1738,'(A)  23'),(1739,'(A)  49 रु'),(1740,'.(B)  51 '),(1741,'.(C)  57 रु'),(1742,'(D)  60 रु.'),(1743,'A)  9'),(1744,'(B)  18'),(1745,'(D)  127'),(1746,'(C)  21'),(1747,'(D)  27'),(1748,'(A)  38'),(1749,'(B)  40'),(1750,'(C)  30'),(1751,'(D)  41'),(1752,'(A)  75'),(1753,'(B)  45'),(1754,'(C)  72'),(1755,'(D) 60'),(1756,NULL),(1757,NULL),(1758,NULL),(1759,NULL),(1760,'(A)  Destruction'),(1761,'(D)  Frustration'),(1762,NULL),(1763,'(B)  Construction'),(1764,'(C)  Separation'),(1765,NULL),(1766,'(A)  Quench'),(1767,NULL),(1768,NULL),(1769,'(B)  Mitigate '),(1770,'(C)  Heal '),(1771,'(A)  Conniosseur'),(1772,'(D)  Agitate'),(1773,'(B)  Connoisseur '),(1774,'(D)  Connosseiur'),(1775,'(A)  He was not allowed '),(1776,'(C)  Connossieur'),(1777,'(B)  a pair of black trousers '),(1778,'(B)  for the teacher '),(1779,'(C)  to read in a low voice'),(1780,'(D)  No error.'),(1781,'(A)  I used '),(1782,'(C)  for a week'),(1783,'(D)  No error.'),(1784,'(A)  पक्षी'),(1785,'(D)  सरीसृप'),(1786,'(C)  कीड़े-मकोड़े'),(1787,'(B)  ज्वालामुखी'),(1788,'(D)  NRPT'),(1789,'(C)  KMOQ'),(1790,'(B)  NPRT'),(1791,'(A)  896'),(1792,'(A)  LNOQ'),(1793,'(B)  968'),(1794,'(C)  689'),(1795,'(D)  986'),(1796,'(A)  शाक'),(1797,'(B)  फूल'),(1798,'(C)  पेड़'),(1799,'(D)  झाड़ी'),(1800,'(A)  (85, 136)'),(1801,'(C)  (102, 153)'),(1802,'(D)  (63, 162)'),(1803,'(B)  (34, 85)'),(1804,'(A)  बौद्ध'),(1805,'(B)   जैन '),(1806,'(C)  सिक्ख'),(1807,'(D)  पारसी'),(1808,'(A)  कुतुबुद्दीन ऐबक'),(1809,'(B)  बलबन '),(1810,'(C)  इल्तुतमिश '),(1811,'(A)  संगम'),(1812,'(B)  अनिरिदु '),(1813,'(D)  नसीरुद्दीन मुहम्मद '),(1814,'(D)  सालुव'),(1815,'(B)  दयानंद सरस्वती'),(1816,'(C)  आचार्य नरेंद्र देव '),(1817,'(D)  गोपाल कृष्ण गोखले'),(1818,'(A)  84वां संविधान संशोधन अधिनियम '),(1819,'(C)  तुलुव'),(1820,'(A)  महादेव देसाई '),(1821,'(C)  86वां संविधान संशोधन अधिनियम'),(1822,'(D)   87वां संविधान संशोधन अधिनियम'),(1823,'(B)  85वां संविधान संशोधन अधिनियम'),(1824,'(C)  124'),(1825,'(D)  127'),(1826,'(A)  49 रु'),(1827,'.(B)  51 '),(1828,'.(C)  57 रु'),(1829,'(A)  23'),(1830,'(B)  58'),(1831,'A)  9'),(1832,'(B)  18'),(1833,'(D)  60 रु.'),(1834,'(D)  27'),(1835,'(A)  38'),(1836,'(B)  40'),(1837,'(C)  30'),(1838,'(D)  41'),(1839,'(A)  75'),(1840,'(C)  21'),(1841,'(B)  45'),(1842,'(C)  72'),(1843,'(D) 60'),(1844,NULL),(1845,NULL),(1846,NULL),(1847,'(A)  Destruction'),(1848,NULL),(1849,'(C)  Separation'),(1850,NULL),(1851,NULL),(1852,'(B)  Construction'),(1853,'(D)  Frustration'),(1854,NULL),(1855,'(A)  Quench'),(1856,NULL),(1857,'(B)  Mitigate '),(1858,'(C)  Heal '),(1859,'(D)  Agitate'),(1860,'(A)  Conniosseur'),(1861,'(C)  Connossieur'),(1862,'(D)  Connosseiur'),(1863,'(A)  He was not allowed '),(1864,'(B)  for the teacher '),(1865,'(B)  Connoisseur '),(1866,'(B)  a pair of black trousers '),(1867,'(C)  for a week'),(1868,'(C)  to read in a low voice'),(1869,'(D)  No error.'),(1870,'(A)  I used '),(1871,'(D)  No error.'),(1872,'(D)  सरीसृप'),(1873,'(A)  LNOQ'),(1874,'(B)  ज्वालामुखी'),(1875,'(C)  कीड़े-मकोड़े'),(1876,'(A)  पक्षी'),(1877,'(B)  NPRT'),(1878,'(C)  KMOQ'),(1879,'(D)  NRPT'),(1880,'(B)  968'),(1881,'(A)  896'),(1882,'(C)  689'),(1883,'(C)  पेड़'),(1884,'(D)  झाड़ी'),(1885,'(C)  (102, 153)'),(1886,'(A)  शाक'),(1887,'(B)  फूल'),(1888,'(D)  986'),(1889,'(B)  (34, 85)'),(1890,'(A)  (85, 136)'),(1891,'(D)  (63, 162)'),(1892,'(B)   जैन '),(1893,'(C)  सिक्ख'),(1894,'(D)  पारसी'),(1895,'(A)  बौद्ध'),(1896,'(A)  कुतुबुद्दीन ऐबक'),(1897,'(B)  बलबन '),(1898,'(C)  इल्तुतमिश '),(1899,'(A)  संगम'),(1900,'(B)  अनिरिदु '),(1901,'(C)  तुलुव'),(1902,'(D)  नसीरुद्दीन मुहम्मद '),(1903,'(A)  महादेव देसाई '),(1904,'(B)  दयानंद सरस्वती'),(1905,'(C)  आचार्य नरेंद्र देव '),(1906,'(D)  गोपाल कृष्ण गोखले'),(1907,'(D)  सालुव'),(1908,'(A)  84वां संविधान संशोधन अधिनियम '),(1909,'(B)  85वां संविधान संशोधन अधिनियम'),(1910,'(C)  86वां संविधान संशोधन अधिनियम'),(1911,'(D)   87वां संविधान संशोधन अधिनियम'),(1912,'(A)  23'),(1913,'(C)  124'),(1914,'(D)  127'),(1915,'(B)  58'),(1916,'(A)  49 रु'),(1917,'.(B)  51 '),(1918,'.(C)  57 रु'),(1919,'(D)  60 रु.'),(1920,'A)  9'),(1921,'(B)  18'),(1922,'(C)  21'),(1923,'(D)  27'),(1924,'(A)  38'),(1925,'(B)  40'),(1926,'(C)  30'),(1927,'(D)  41'),(1928,'(A)  75'),(1929,'(B)  45'),(1930,'(C)  72'),(1931,'(D) 60'),(1932,NULL),(1933,NULL),(1934,NULL),(1935,NULL),(1936,'(A)  Destruction'),(1937,'(B)  Construction'),(1938,'(D)  Frustration'),(1939,NULL),(1940,NULL),(1941,NULL),(1942,'(C)  Separation'),(1943,NULL),(1944,'(A)  Quench'),(1945,'(B)  Mitigate '),(1946,'(A)  Conniosseur'),(1947,'(B)  Connoisseur '),(1948,'(C)  Heal '),(1949,'(D)  Agitate'),(1950,'(C)  Connossieur'),(1951,'(D)  Connosseiur'),(1952,'(A)  He was not allowed '),(1953,'(C)  to read in a low voice'),(1954,'(D)  No error.'),(1955,'(B)  for the teacher '),(1956,'(A)  I used '),(1957,'(C)  for a week'),(1958,'(B)  a pair of black trousers '),(1959,'(D)  No error.'),(1960,'(D)  सरीसृप'),(1961,'(B)  968'),(1962,'(D)  NRPT'),(1963,'(A)  896'),(1964,'(C)  KMOQ'),(1965,'(A)  पक्षी'),(1966,'(B)  NPRT'),(1967,'(C)  कीड़े-मकोड़े'),(1968,'(B)  ज्वालामुखी'),(1969,'(A)  LNOQ'),(1970,'(C)  689'),(1971,'(D)  986'),(1972,'(A)  शाक'),(1973,'(B)  फूल'),(1974,'(C)  पेड़'),(1975,'(D)  झाड़ी'),(1976,'(A)  (85, 136)'),(1977,'(B)  (34, 85)'),(1978,'(C)  (102, 153)'),(1979,'(D)  (63, 162)'),(1980,'(A)  बौद्ध'),(1981,'(B)   जैन '),(1982,'(C)  सिक्ख'),(1983,'(D)  पारसी'),(1984,'(A)  कुतुबुद्दीन ऐबक'),(1985,'(B)  बलबन '),(1986,'(C)  इल्तुतमिश '),(1987,'(D)  नसीरुद्दीन मुहम्मद '),(1988,'(A)  संगम'),(1989,'(B)  अनिरिदु '),(1990,'(C)  तुलुव'),(1991,'(D)  सालुव'),(1992,'(A)  महादेव देसाई '),(1993,'(B)  दयानंद सरस्वती'),(1994,'(C)  आचार्य नरेंद्र देव '),(1995,'(D)  गोपाल कृष्ण गोखले'),(1996,'(A)  84वां संविधान संशोधन अधिनियम '),(1997,'(B)  85वां संविधान संशोधन अधिनियम'),(1998,'(C)  86वां संविधान संशोधन अधिनियम'),(1999,'(A)  23'),(2000,'(B)  58'),(2001,'(D)   87वां संविधान संशोधन अधिनियम'),(2002,'(A)  49 रु'),(2003,'.(B)  51 '),(2004,'(C)  124'),(2005,'(D)  127'),(2006,'(D)  60 रु.'),(2007,'.(C)  57 रु'),(2008,'A)  9'),(2009,'(B)  18'),(2010,'(C)  21'),(2011,'(D)  27'),(2012,'(A)  38'),(2013,'(B)  40'),(2014,'(C)  30'),(2015,'(D)  41'),(2016,'(A)  75'),(2017,'(B)  45'),(2018,'(C)  72'),(2019,'(D) 60'),(2020,NULL),(2021,NULL),(2022,NULL),(2023,NULL),(2024,'(A)  Destruction'),(2025,'(B)  Construction'),(2026,'(C)  Separation'),(2027,'(D)  Frustration'),(2028,NULL),(2029,NULL),(2030,NULL),(2031,NULL),(2032,'(A)  Quench'),(2033,'(B)  Mitigate '),(2034,'(C)  Heal '),(2035,'(A)  Conniosseur'),(2036,'(D)  Agitate'),(2037,'(B)  Connoisseur '),(2038,'(C)  Connossieur'),(2039,'(D)  Connosseiur'),(2040,'(A)  He was not allowed '),(2041,'(B)  for the teacher '),(2042,'(C)  to read in a low voice'),(2043,'(D)  No error.'),(2044,'(A)  I used '),(2045,'(B)  a pair of black trousers '),(2046,'(D)  No error.'),(2047,'(C)  for a week'),(2048,'(A)  पक्षी'),(2049,'(B)  ज्वालामुखी'),(2050,'(C)  कीड़े-मकोड़े'),(2051,'(D)  सरीसृप'),(2052,'(A)  LNOQ'),(2053,'(B)  NPRT'),(2054,'(C)  KMOQ'),(2055,'(D)  NRPT'),(2056,'(A)  896'),(2057,'(B)  968'),(2058,'(C)  689'),(2059,'(B)  फूल'),(2060,'(D)  झाड़ी'),(2061,'(D)  986'),(2062,'(A)  शाक'),(2063,'(C)  पेड़'),(2064,'(A)  (85, 136)'),(2065,'(B)  (34, 85)'),(2066,'(C)  (102, 153)'),(2067,'(D)  (63, 162)'),(2068,'(A)  बौद्ध'),(2069,'(B)   जैन '),(2070,'(A)  कुतुबुद्दीन ऐबक'),(2071,'(B)  बलबन '),(2072,'(C)  इल्तुतमिश '),(2073,'(C)  सिक्ख'),(2074,'(D)  पारसी'),(2075,'(A)  संगम'),(2076,'(B)  अनिरिदु '),(2077,'(C)  तुलुव'),(2078,'(D)  नसीरुद्दीन मुहम्मद '),(2079,'(D)  सालुव'),(2080,'(A)  महादेव देसाई '),(2081,'(B)  दयानंद सरस्वती'),(2082,'(C)  आचार्य नरेंद्र देव '),(2083,'(D)  गोपाल कृष्ण गोखले'),(2084,'(A)  84वां संविधान संशोधन अधिनियम '),(2085,'(C)  86वां संविधान संशोधन अधिनियम'),(2086,'(D)   87वां संविधान संशोधन अधिनियम'),(2087,'(B)  85वां संविधान संशोधन अधिनियम'),(2088,'(C)  124'),(2089,'(A)  23'),(2090,'(B)  58'),(2091,'(D)  127'),(2092,'(A)  49 रु'),(2093,'.(B)  51 '),(2094,'.(C)  57 रु'),(2095,'(D)  60 रु.'),(2096,'A)  9'),(2097,'(B)  18'),(2098,'(C)  21'),(2099,'(D)  27'),(2100,'(B)  40'),(2101,'(C)  30'),(2102,'(A)  38'),(2103,'(D)  41'),(2104,'(D) 60'),(2105,NULL),(2106,NULL),(2107,'(A)  75'),(2108,'(B)  45'),(2109,'(C)  72'),(2110,NULL),(2111,'(C)  Separation'),(2112,NULL),(2113,'(A)  Destruction'),(2114,'(B)  Construction'),(2115,'(D)  Frustration'),(2116,NULL),(2117,NULL),(2118,NULL),(2119,NULL),(2120,'(C)  Heal '),(2121,'(D)  Agitate'),(2122,'(A)  Conniosseur'),(2123,'(A)  Quench'),(2124,'(B)  Mitigate '),(2125,'(B)  Connoisseur '),(2126,'(D)  Connosseiur'),(2127,'(C)  Connossieur'),(2128,'(A)  He was not allowed '),(2129,'(B)  for the teacher '),(2130,'(D)  No error.'),(2131,'(C)  for a week'),(2132,'(C)  to read in a low voice'),(2133,'(A)  I used '),(2134,'(B)  a pair of black trousers '),(2135,'(D)  No error.'),(2136,'(C)  कीड़े-मकोड़े'),(2137,'(A)  पक्षी'),(2138,'(D)  सरीसृप'),(2139,'(B)  ज्वालामुखी'),(2140,'(B)  NPRT'),(2141,'(A)  LNOQ'),(2142,'(C)  KMOQ'),(2143,'(A)  896'),(2144,'(D)  NRPT'),(2145,'(C)  689'),(2146,'(D)  986'),(2147,'(A)  शाक'),(2148,'(C)  पेड़'),(2149,'(D)  झाड़ी'),(2150,'(B)  फूल'),(2151,'(B)  968'),(2152,'(A)  (85, 136)'),(2153,'(B)  (34, 85)'),(2154,'(C)  (102, 153)'),(2155,'(A)  बौद्ध'),(2156,'(B)   जैन '),(2157,'(C)  सिक्ख'),(2158,'(D)  पारसी'),(2159,'(A)  कुतुबुद्दीन ऐबक'),(2160,'(D)  (63, 162)'),(2161,'(B)  बलबन '),(2162,'(C)  इल्तुतमिश '),(2163,'(D)  नसीरुद्दीन मुहम्मद '),(2164,'(A)  संगम'),(2165,'(B)  अनिरिदु '),(2166,'(C)  तुलुव'),(2167,'(D)  सालुव'),(2168,'(A)  महादेव देसाई '),(2169,'(B)  दयानंद सरस्वती'),(2170,'(C)  आचार्य नरेंद्र देव '),(2171,'(A)  84वां संविधान संशोधन अधिनियम '),(2172,'(B)  85वां संविधान संशोधन अधिनियम'),(2173,'(C)  86वां संविधान संशोधन अधिनियम'),(2174,'(D)  गोपाल कृष्ण गोखले'),(2175,'(D)   87वां संविधान संशोधन अधिनियम'),(2176,'(C)  124'),(2177,'(D)  127'),(2178,'(A)  49 रु'),(2179,'(A)  23'),(2180,'(B)  58'),(2181,'.(B)  51 '),(2182,'.(C)  57 रु'),(2183,'(D)  60 रु.'),(2184,'A)  9'),(2185,'(C)  21'),(2186,'(D)  27'),(2187,'(A)  38'),(2188,'(B)  40'),(2189,'(B)  18'),(2190,'(C)  30'),(2191,'(D)  41'),(2192,'(A)  75'),(2193,'(B)  45'),(2194,'(C)  72'),(2195,'(D) 60'),(2196,NULL),(2197,NULL),(2198,NULL),(2199,NULL),(2200,'(B)  Construction'),(2201,'(C)  Separation'),(2202,'(D)  Frustration'),(2203,'(A)  Destruction'),(2204,NULL),(2205,NULL),(2206,NULL),(2207,'(A)  Quench'),(2208,NULL),(2209,'(B)  Mitigate '),(2210,'(C)  Heal '),(2211,'(D)  Agitate'),(2212,'(A)  Conniosseur'),(2213,'(B)  Connoisseur '),(2214,'(D)  Connosseiur'),(2215,'(C)  Connossieur'),(2216,'(A)  He was not allowed '),(2217,'(C)  to read in a low voice'),(2218,'(B)  for the teacher '),(2219,'(A)  I used '),(2220,'(B)  a pair of black trousers '),(2221,'(C)  for a week'),(2222,'(D)  No error.'),(2223,'(D)  No error.'),(2224,'(B)  ज्वालामुखी'),(2225,'(D)  सरीसृप'),(2226,'(A)  पक्षी'),(2227,'(C)  कीड़े-मकोड़े'),(2228,'(A)  LNOQ'),(2229,'(B)  NPRT'),(2230,'(D)  NRPT'),(2231,'(C)  KMOQ'),(2232,'(A)  896'),(2233,'(B)  968'),(2234,'(C)  689'),(2235,'(D)  986'),(2236,'(A)  शाक'),(2237,'(B)  फूल'),(2238,'(C)  पेड़'),(2239,'(D)  झाड़ी'),(2240,'(B)  (34, 85)'),(2241,'(A)  (85, 136)'),(2242,'(C)  (102, 153)'),(2243,'(D)  (63, 162)'),(2244,'(A)  बौद्ध'),(2245,'(B)   जैन '),(2246,'(C)  सिक्ख'),(2247,'(A)  कुतुबुद्दीन ऐबक'),(2248,'(B)  बलबन '),(2249,'(D)  पारसी'),(2250,'(C)  इल्तुतमिश '),(2251,'(D)  नसीरुद्दीन मुहम्मद '),(2252,'(A)  संगम'),(2253,'(B)  अनिरिदु '),(2254,'(C)  तुलुव'),(2255,'(D)  सालुव'),(2256,'(A)  महादेव देसाई '),(2257,'(C)  आचार्य नरेंद्र देव '),(2258,'(D)  गोपाल कृष्ण गोखले'),(2259,'(B)  दयानंद सरस्वती'),(2260,'(A)  84वां संविधान संशोधन अधिनियम '),(2261,'(B)  85वां संविधान संशोधन अधिनियम'),(2262,'(C)  86वां संविधान संशोधन अधिनियम'),(2263,'(D)   87वां संविधान संशोधन अधिनियम'),(2264,'(B)  58'),(2265,'(C)  124'),(2266,'(D)  127'),(2267,'(A)  49 रु'),(2268,'(A)  23'),(2269,'.(B)  51 '),(2270,'.(C)  57 रु'),(2271,'(D)  60 रु.'),(2272,'(B)  18'),(2273,'(C)  21'),(2274,'(D)  27'),(2275,'(B)  40'),(2276,'(C)  30'),(2277,'A)  9'),(2278,'(A)  38'),(2279,'(A)  75'),(2280,'(B)  45'),(2281,'(D)  41'),(2282,'(D) 60'),(2283,NULL),(2284,NULL),(2285,NULL),(2286,'(C)  72'),(2287,NULL),(2288,'(A)  Destruction'),(2289,'(C)  Separation'),(2290,'(D)  Frustration'),(2291,'(B)  Construction'),(2292,NULL),(2293,NULL),(2294,NULL),(2295,'(A)  Quench'),(2296,NULL),(2297,'(B)  Mitigate '),(2298,'(C)  Heal '),(2299,'(D)  Agitate'),(2300,'(B)  Connoisseur '),(2301,'(A)  Conniosseur'),(2302,'(C)  Connossieur'),(2303,'(D)  Connosseiur'),(2304,'(B)  for the teacher '),(2305,'(A)  He was not allowed '),(2306,'(C)  to read in a low voice'),(2307,'(B)  a pair of black trousers '),(2308,'(D)  No error.'),(2309,'(A)  I used '),(2310,'(C)  for a week'),(2311,'(D)  No error.'),(2312,'(A)  पक्षी'),(2313,'(B)  ज्वालामुखी'),(2314,'(C)  कीड़े-मकोड़े'),(2315,'(A)  LNOQ'),(2316,'(D)  सरीसृप'),(2317,'(B)  968'),(2318,'(A)  896'),(2319,'(C)  KMOQ'),(2320,'(B)  NPRT'),(2321,'(D)  NRPT'),(2322,'(C)  689'),(2323,'(D)  986'),(2324,'(B)  फूल'),(2325,'(C)  पेड़'),(2326,'(D)  झाड़ी'),(2327,'(A)  शाक'),(2328,'(B)  (34, 85)'),(2329,'(C)  (102, 153)'),(2330,'(D)  (63, 162)'),(2331,'(A)  बौद्ध'),(2332,'(B)   जैन '),(2333,'(A)  (85, 136)'),(2334,'(C)  सिक्ख'),(2335,'(B)  बलबन '),(2336,'(D)  पारसी'),(2337,'(A)  कुतुबुद्दीन ऐबक'),(2338,'(C)  इल्तुतमिश '),(2339,'(D)  नसीरुद्दीन मुहम्मद '),(2340,'(B)  अनिरिदु '),(2341,'(C)  तुलुव'),(2342,'(D)  सालुव'),(2343,'(A)  संगम'),(2344,'(A)  महादेव देसाई '),(2345,'(B)  दयानंद सरस्वती'),(2346,'(C)  आचार्य नरेंद्र देव '),(2347,'(D)  गोपाल कृष्ण गोखले'),(2348,'(B)  85वां संविधान संशोधन अधिनियम'),(2349,'(C)  86वां संविधान संशोधन अधिनियम'),(2350,'(A)  23'),(2351,'(A)  84वां संविधान संशोधन अधिनियम '),(2352,'(D)   87वां संविधान संशोधन अधिनियम'),(2353,'(B)  58'),(2354,'(C)  124'),(2355,'.(B)  51 '),(2356,'.(C)  57 रु'),(2357,'(D)  60 रु.'),(2358,'A)  9'),(2359,'(D)  127'),(2360,'(A)  49 रु'),(2361,'(C)  21'),(2362,'(D)  27'),(2363,'(B)  18'),(2364,'(A)  38'),(2365,'(B)  40'),(2366,'(C)  30'),(2367,'(D)  41'),(2368,'(A)  75'),(2369,'(B)  45'),(2370,'(C)  72'),(2371,'(D) 60'),(2372,NULL),(2373,NULL),(2374,NULL),(2375,NULL),(2376,'(A)  Destruction'),(2377,'(B)  Construction'),(2378,'(C)  Separation'),(2379,'(D)  Frustration'),(2380,NULL),(2381,NULL),(2382,NULL),(2383,NULL),(2384,'(A)  Quench'),(2385,'(B)  Mitigate '),(2386,'(B)  Connoisseur '),(2387,'(D)  Connosseiur'),(2388,'(C)  Heal '),(2389,'(D)  Agitate'),(2390,'(A)  Conniosseur'),(2391,'(C)  Connossieur'),(2392,'(A)  He was not allowed '),(2393,'(B)  for the teacher '),(2394,'(C)  to read in a low voice'),(2395,'(D)  No error.'),(2396,'(A)  I used '),(2397,'(B)  a pair of black trousers '),(2398,'(C)  for a week'),(2399,'(D)  No error.'),(2400,'(A)  पक्षी'),(2401,'(B)  ज्वालामुखी'),(2402,'(C)  कीड़े-मकोड़े'),(2403,'(D)  सरीसृप'),(2404,'(A)  LNOQ'),(2405,'(B)  NPRT'),(2406,'(C)  KMOQ'),(2407,'(D)  NRPT'),(2408,'(A)  896'),(2409,'(B)  968'),(2410,'(C)  689'),(2411,'(D)  986'),(2412,'(A)  शाक'),(2413,'(B)  फूल'),(2414,'(C)  पेड़'),(2415,'(D)  झाड़ी'),(2416,'(A)  (85, 136)'),(2417,'(B)  (34, 85)'),(2418,'(C)  (102, 153)'),(2419,'(D)  (63, 162)'),(2420,'(A)  बौद्ध'),(2421,'(D)  पारसी'),(2422,'(A)  कुतुबुद्दीन ऐबक'),(2423,'(B)  बलबन '),(2424,'(C)  इल्तुतमिश '),(2425,'(D)  नसीरुद्दीन मुहम्मद '),(2426,'(B)   जैन '),(2427,'(C)  सिक्ख'),(2428,'(B)  अनिरिदु '),(2429,'(A)  संगम'),(2430,'(C)  तुलुव'),(2431,'(D)  सालुव'),(2432,'(A)  महादेव देसाई '),(2433,'(B)  दयानंद सरस्वती'),(2434,'(C)  आचार्य नरेंद्र देव '),(2435,'(D)  गोपाल कृष्ण गोखले'),(2436,'(A)  84वां संविधान संशोधन अधिनियम '),(2437,'(B)  85वां संविधान संशोधन अधिनियम'),(2438,'(C)  86वां संविधान संशोधन अधिनियम'),(2439,'(D)   87वां संविधान संशोधन अधिनियम'),(2440,'(A)  23'),(2441,'(B)  58'),(2442,'(C)  124'),(2443,'(D)  127'),(2444,'.(B)  51 '),(2445,'(A)  49 रु'),(2446,'.(C)  57 रु'),(2447,'(D)  60 रु.'),(2448,'A)  9'),(2449,'(B)  18'),(2450,'(C)  21'),(2451,'(D)  27'),(2452,'(B)  40'),(2453,'(C)  30'),(2454,'(D)  41'),(2455,'(A)  38'),(2456,'(A)  75'),(2457,'(B)  45'),(2458,'(C)  72'),(2459,'(D) 60'),(2460,NULL),(2461,NULL),(2462,NULL),(2463,'(A)  Destruction'),(2464,'(B)  Construction'),(2465,NULL),(2466,'(C)  Separation'),(2467,'(D)  Frustration'),(2468,NULL),(2469,NULL),(2470,NULL),(2471,NULL),(2472,'(A)  Quench'),(2473,'(B)  Mitigate '),(2474,'(C)  Heal '),(2475,'(D)  Agitate'),(2476,'(C)  Connossieur'),(2477,'(D)  Connosseiur'),(2478,'(A)  Conniosseur'),(2479,'(B)  Connoisseur '),(2480,'(C)  to read in a low voice'),(2481,'(A)  He was not allowed '),(2482,'(B)  for the teacher '),(2483,'(B)  a pair of black trousers '),(2484,'(D)  No error.'),(2485,'(A)  I used '),(2486,'(C)  for a week'),(2487,'(D)  No error.'),(2488,'(A)  पक्षी'),(2489,'(C)  कीड़े-मकोड़े'),(2490,'(B)  NPRT'),(2491,'(A)  LNOQ'),(2492,'(D)  सरीसृप'),(2493,'(C)  KMOQ'),(2494,'(A)  896'),(2495,'(B)  968'),(2496,'(D)  NRPT'),(2497,'(B)  ज्वालामुखी'),(2498,'(C)  689'),(2499,'(D)  986'),(2500,'(A)  शाक'),(2501,'(D)  झाड़ी'),(2502,'(A)  (85, 136)'),(2503,'(B)  (34, 85)'),(2504,'(C)  (102, 153)'),(2505,'(D)  (63, 162)'),(2506,'(B)  फूल'),(2507,'(C)  पेड़'),(2508,'(A)  बौद्ध'),(2509,'(B)   जैन '),(2510,'(C)  सिक्ख'),(2511,'(D)  पारसी'),(2512,'(A)  कुतुबुद्दीन ऐबक'),(2513,'(B)  बलबन '),(2514,'(C)  इल्तुतमिश '),(2515,'(D)  नसीरुद्दीन मुहम्मद '),(2516,'(A)  संगम'),(2517,'(B)  अनिरिदु '),(2518,'(D)  सालुव'),(2519,'(A)  महादेव देसाई '),(2520,'(C)  तुलुव'),(2521,'(B)  दयानंद सरस्वती'),(2522,'(C)  आचार्य नरेंद्र देव '),(2523,'(D)  गोपाल कृष्ण गोखले'),(2524,'(A)  84वां संविधान संशोधन अधिनियम '),(2525,'(B)  85वां संविधान संशोधन अधिनियम'),(2526,'(C)  86वां संविधान संशोधन अधिनियम'),(2527,'(D)   87वां संविधान संशोधन अधिनियम'),(2528,'(A)  23'),(2529,'(B)  58'),(2530,'(C)  124'),(2531,'(A)  49 रु'),(2532,'.(B)  51 '),(2533,'.(C)  57 रु'),(2534,'(D)  60 रु.'),(2535,'A)  9'),(2536,'(B)  18'),(2537,'(D)  127'),(2538,'(C)  21'),(2539,'(A)  38'),(2540,'(D)  27'),(2541,'(B)  40'),(2542,'(D)  41'),(2543,'(A)  75'),(2544,'(B)  45'),(2545,'(C)  72'),(2546,'(D) 60'),(2547,'(C)  30'),(2548,NULL),(2549,NULL),(2550,NULL),(2551,NULL),(2552,'(A)  Destruction'),(2553,'(B)  Construction'),(2554,'(C)  Separation'),(2555,'(D)  Frustration'),(2556,NULL),(2557,NULL),(2558,NULL),(2559,NULL),(2560,'(A)  Quench'),(2561,'(B)  Mitigate '),(2562,'(C)  Heal '),(2563,'(D)  Agitate'),(2564,'(A)  Conniosseur'),(2565,'(B)  Connoisseur '),(2566,'(C)  Connossieur'),(2567,'(D)  Connosseiur'),(2568,'(A)  He was not allowed '),(2569,'(B)  for the teacher '),(2570,'(C)  to read in a low voice'),(2571,'(D)  No error.'),(2572,'(A)  I used '),(2573,'(B)  a pair of black trousers '),(2574,'(C)  for a week'),(2575,'(D)  No error.'),(2576,'(C)  कीड़े-मकोड़े'),(2577,'(B)  ज्वालामुखी'),(2578,'(A)  LNOQ'),(2579,'(A)  पक्षी'),(2580,'(B)  NPRT'),(2581,'(D)  सरीसृप'),(2582,'(C)  KMOQ'),(2583,'(A)  896'),(2584,'(D)  986'),(2585,'(A)  शाक'),(2586,'(B)  फूल'),(2587,'(D)  NRPT'),(2588,'(B)  968'),(2589,'(C)  689'),(2590,'(C)  पेड़'),(2591,'(D)  झाड़ी'),(2592,'(A)  (85, 136)'),(2593,'(C)  (102, 153)'),(2594,'(D)  (63, 162)'),(2595,'(A)  बौद्ध'),(2596,'(B)   जैन '),(2597,'(C)  सिक्ख'),(2598,'(B)  (34, 85)'),(2599,'(D)  पारसी'),(2600,'(A)  कुतुबुद्दीन ऐबक'),(2601,'(B)  बलबन '),(2602,'(C)  इल्तुतमिश '),(2603,'(A)  संगम'),(2604,'(C)  तुलुव'),(2605,'(B)  अनिरिदु '),(2606,'(A)  महादेव देसाई '),(2607,'(D)  सालुव'),(2608,'(D)  नसीरुद्दीन मुहम्मद '),(2609,'(B)  दयानंद सरस्वती'),(2610,'(C)  आचार्य नरेंद्र देव '),(2611,'(D)  गोपाल कृष्ण गोखले'),(2612,'(A)  84वां संविधान संशोधन अधिनियम '),(2613,'(B)  85वां संविधान संशोधन अधिनियम'),(2614,'(C)  86वां संविधान संशोधन अधिनियम'),(2615,'(D)   87वां संविधान संशोधन अधिनियम'),(2616,'(A)  23'),(2617,'(B)  58'),(2618,'(C)  124'),(2619,'(D)  127'),(2620,'(A)  49 रु'),(2621,'.(B)  51 '),(2622,'.(C)  57 रु'),(2623,'(D)  60 रु.'),(2624,'A)  9'),(2625,'(B)  18'),(2626,'(C)  21'),(2627,'(D)  27'),(2628,'(A)  38'),(2629,'(B)  40'),(2630,'(C)  30'),(2631,'(D)  41'),(2632,'(A)  75'),(2633,'(B)  45'),(2634,'(C)  72'),(2635,'(D) 60'),(2636,NULL),(2637,NULL),(2638,NULL),(2639,NULL),(2640,'(A)  Destruction'),(2641,'(B)  Construction'),(2642,'(C)  Separation'),(2643,'(D)  Frustration'),(2644,NULL),(2645,NULL),(2646,NULL),(2647,'(A)  Quench'),(2648,'(B)  Mitigate '),(2649,'(C)  Heal '),(2650,'(D)  Agitate'),(2651,'(C)  Connossieur'),(2652,NULL),(2653,'(A)  Conniosseur'),(2654,'(B)  Connoisseur '),(2655,'(A)  He was not allowed '),(2656,'(D)  Connosseiur'),(2657,'(D)  No error.'),(2658,'(A)  I used '),(2659,'(B)  a pair of black trousers '),(2660,'(B)  for the teacher '),(2661,'(C)  to read in a low voice'),(2662,'(C)  for a week'),(2663,'(D)  No error.'),(2664,'A. एरियन'),(2665,'B. ट्रैवेलर'),(2666,'A. होल्कर'),(2667,'C. भोसले'),(2668,'B. पद्मा'),(2669,'C. बर्नियर'),(2670,'A. जमुना'),(2671,'D. गायकवाड़'),(2672,'B. सिंधिया'),(2673,'A. नरेंद्र मोदी'),(2674,'B. मेनका गांधी'),(2675,'D. मैगस्थनीज'),(2676,'C. मेघना'),(2677,'C. उमा भारती'),(2678,'D. नितिन गडकरी'),(2679,'A. भारत'),(2680,'B. सिंगापुर'),(2681,'C. मलेशिया'),(2682,'D. जापान'),(2683,'A.  ई.वी. रामास्वामी'),(2684,'B. श्री नारायण गुरू'),(2685,'C. शिव नारायण अग्निहोत्री'),(2686,'D. तुलसी राम'),(2687,'A. वाई एच मालेगाम समिति'),(2688,'B. ए.के. मिश्रा समिति'),(2689,'D. एस रमन समिति'),(2690,'C. नंदकुमार सरवाडे समिति'),(2691,'A. फिलीपीन्स'),(2692,'B. वाशिगंटन डी.सी.'),(2693,'C. स्विटजरलैण्ड'),(2694,'D. वेल्जियम'),(2695,'A. मुंबई'),(2696,'B. वाराणसी'),(2697,'C. पटना'),(2698,'D. शिलांग'),(2699,'A. ओम'),(2700,'B. वाट'),(2701,'C. एम्पीयर'),(2702,'A. बैडमिंटन'),(2703,'D. ऊपर से कोई नहीं'),(2704,'B. बिलियर्ड्स'),(2705,'C. लॉन टेनिस'),(2706,'D. टेबल टेनिस'),(2707,'A. बाल गंगाधर तिलक'),(2708,'B. विपिन चन्द्र पाल'),(2709,'D. भगत सिंह'),(2710,'A. नेपाल'),(2711,'C. अरूणा आसफ अली'),(2712,'B. उत्तराखंड'),(2713,'C. हरियाणा और दिल्ली'),(2714,'D. राजस्थान'),(2715,'A. अरूणा आसफ अली'),(2716,'B. मैडम भीखाजी कामा'),(2717,'C. एनी बेसेन्ट'),(2718,'D. सरोजिनी नायडू'),(2719,'B. 328 मीटर / सेकंड'),(2720,'A. 30 m/sec'),(2721,'C. 332 मीटर / सेकंड'),(2722,'D. 3,320 मीटर / सेकंड'),(2723,'A. अब्दुल रहीम खान खाना'),(2724,'B. फकीर अजिओदीन'),(2725,'D. राजा मान सिंह'),(2726,'C. राजा टोडरमल'),(2727,'C. बर्मा'),(2728,'D. नॉर्वे'),(2729,'A. ऑस्ट्रिया'),(2730,'B. स्वीडन'),(2731,'A. किंग्सटन'),(2732,'B. ब्राजीलिया'),(2733,'C. सुक्रे'),(2734,'D. एडीस अबाबा'),(2735,'C. केरल'),(2736,'A. तमिलनाडु'),(2737,'B. आंध्र प्रदेश'),(2738,'D. कर्नाटक'),(2739,'A. ताप्ती'),(2740,'C. कृष्णा'),(2741,'B. नर्मदा '),(2742,'D. कावेरी'),(2743,'A. हाइड्रोजन'),(2744,'C. ऑक्सीजन'),(2745,'B. हीलियम'),(2746,'D. लीथियम'),(2747,'A. उच्च बुखार ने शरीर का ताप कम करना'),(2748,'B. दर्द से मुक्त करना'),(2749,'C. दबाव और मानसिक रोग का उपचार'),(2750,'D. संक्रमण से बचाना'),(2751,'A. इलेक्ट्रानों का वेग कम करता है।'),(2752,'B. प्रोटानो का वेग कम करता है।'),(2753,'C. यह हाइड्रोजनीकृत पदार्थ नहीं है।'),(2754,'D. न्यूट्रानों का वेग कम करता है।'),(2755,'A. परमाणु के बाह्य भाग से'),(2756,'B. सक्रिय प्रोटान से'),(2757,'C. सक्रिय इलेक्ट्रॉन से'),(2758,'D. नाभिक से'),(2759,'A. मैक्रोइकोनॉमिक्स'),(2760,'B. सूक्षम अर्थ व्यवस्था'),(2761,'C. सकारात्मक अर्थव्यवस्था'),(2762,'D. नारमेटिक अर्थव्यवस्था'),(2763,'D. हुगली'),(2764,'A. लोगों द्वारा संघर्ष'),(2765,'B. विदेशी देश द्वारा आक्रमण'),(2766,'C. उपनिवेशवाद का अंत'),(2767,'D. स्वतंत्रता के लिए लोगों की इच्छा'),(2768,'A. महाराष्ट्र'),(2769,'B. गुजरात'),(2770,'C. मध्य भारत'),(2771,'D. बिहार'),(2772,'A. इंडियन काउंसिल ऑफ सोसल साइन्स रिसर्च'),(2773,'B. इन्टरनेशनल काउंसिल ऑफ सोसल साइन्स रिसर्च'),(2774,'D. इन लॉ काउंसिल ऑफ सोशल साइन्स रिसर्च'),(2775,'A. सम्पत्ति का अधिकार '),(2776,'C. इनीशियल काउंसिल ऑफ सोशल साइन्स रिसर्च'),(2777,'B. समानता का अधिकार'),(2778,'C. धर्म की स्वतंत्रता का अधिकार'),(2779,'D. B और C '),(2780,'A. 1938'),(2781,'B. 1944'),(2782,'C. 1945'),(2783,'D. 1950'),(2784,'A. श्वेत सागर'),(2785,'B. सारगासो सागर'),(2786,'C. ओखोट्सक सागर'),(2787,'D. तस्मान सागर'),(2788,'A. साइक्लोट्रान'),(2789,'B. ब्रैग स्पेक्ट्रममापी'),(2790,'C. द्रव्यमान स्पेक्ट्रममापी'),(2791,'D. जी. एम. काउंटर'),(2792,'A. केवल 1 और 2'),(2793,'B. केवल 2 और 3'),(2794,'C. केवल 1 और 3'),(2795,'D. उपरोक्त सभी'),(2796,'A. गुदा'),(2797,'B. बड़ी आंत'),(2798,'D. छोटी आंत'),(2799,'C. क्षुदांत्र'),(2800,'A. वेद मेहता'),(2801,'C. मॉर्क टूली'),(2802,'D. आर. के. नारायण'),(2803,'A. व्यक्तिगत आय और धन पर कर'),(2804,'B. आयकर दाताओं पर थोपे गये अनिवार्य निक्षेप'),(2805,'C. निजी क्षेत्र के कर्मचारियों के भविष्य निधि में अभिदान'),(2806,'B. नीरद सी. चौधरी'),(2807,'D. कीमतों में बढ़ोत्तरी के परिणाम स्वरूप खपत की कमी'),(2808,'A. अनुच्छेद-19'),(2809,'B. अनुच्छेद-21'),(2810,'C. अनुच्छेद-25'),(2811,'D. अनुच्छेद-33'),(2812,'A. फ्लोरीन'),(2813,'B. क्लोरीन'),(2814,'C. सोडियम'),(2815,'D. कैल्सियम'),(2816,'A. प्रायद्वीप'),(2817,'B. अंतरीप'),(2818,'C. भू-संधि'),(2819,'D. जलडमरूमध्य'),(2820,'A. कानून और व्यवस्था बनाए रखना'),(2821,'B. कृषि को विकसित करना'),(2822,'C. स्वच्छता को बनाए रखना'),(2823,'D. उपरोक्त सभी'),(2824,'A. पश्चिम बंगाल'),(2825,'B. उत्तर प्रदेश'),(2826,'C. असम'),(2827,'D. मध्य प्रदेश'),(2828,'A. सी. राजगोपालाचारी'),(2829,'B.  डॉ. राजेन्द्र प्रसाद'),(2830,'C. सरोजिनी नायडू'),(2831,'D. एनी बेसेंट'),(2832,'A. वरूण'),(2833,'B. बुध'),(2834,'C. बृहस्पति'),(2835,'D. पृथ्वी'),(2836,'A. मुंबई'),(2837,'B. गुजरात'),(2838,'C. हरियाणा'),(2839,'D. हिमाचल प्रदेश'),(2840,'A. वोग्सवैगन - जर्मनी'),(2841,'B. निसान - जापान'),(2842,'C. हुंडई - नॉर्थ कोरिया'),(2843,'D. शेवरलेट -अमेरिका'),(2844,'A. उड़ीसा'),(2845,'B. पश्चिम बंगाल'),(2846,'C. झारखण्ड'),(2847,'D. बिहार'),(2848,'A. जेनेवा'),(2849,'B. न्यूयार्क'),(2850,'C. पेरिस'),(2851,'D. वाशिंगटन डीसी'),(2852,'A. थालघाट'),(2853,'B. पालघाट'),(2854,'C. भोरघाट'),(2855,'D. इनमें से कोई नहीं'),(2856,'A. 44वाँ'),(2857,'B. 45वाँ'),(2858,'C. 46वाँ'),(2859,'D. 50वाँ'),(2860,'A. पंडित जवाहर लाल नेहरू'),(2861,'B. डॉ. राजेन्द्र प्रसाद'),(2862,'C. मौलाना अबुल कलाम आजाद'),(2863,'D. सुभाष चन्द्र बोस'),(2864,'A. अघोष'),(2865,'B. सघोष'),(2866,'C. अल्पप्राण'),(2867,'D. महाप्राण'),(2868,'A. चलना'),(2869,'B. ठहरना या रूकना'),(2870,'C. बिछुड़ना'),(2871,'D. स्वर'),(2872,'A. अरबी'),(2873,'B. अंग्रेजी'),(2874,'C. फ्रेंच'),(2875,'D. चीनी'),(2876,'A. अधि'),(2877,'B. दुर'),(2878,'C. अति'),(2879,'D. ऊन'),(2880,'A. सम्'),(2881,'B. प्रति'),(2882,'C. वि'),(2883,'D. उ'),(2884,'A. कवित्री'),(2885,'B. कवियत्री'),(2886,'C. कवयित्री'),(2887,'D. कवियित्री'),(2888,'A. राजकुमार'),(2889,'B. यज्ञवेदी'),(2890,'C. आजन्म'),(2891,'D. ग्रामवासी'),(2892,'A. तव + लीन'),(2893,'B. तल + लीन'),(2894,'C. ततः + लीन'),(2895,'A. रथ'),(2896,'D. तत् + लीन'),(2897,'B. पारा'),(2898,'C. हाथी'),(2899,'D. मोक्ष'),(2900,'A. अगम'),(2901,'B. दुर्गम'),(2902,'C. स्थावर'),(2903,'A. विसृष्टि'),(2904,'B. प्रलय'),(2905,'C. व्यष्टि'),(2906,'D. समष्टि'),(2907,'A. अभिप्सित'),(2908,'B. अनीप्सित'),(2909,'D. चंचल'),(2910,'C. परोप्सित'),(2911,'D. सुनीप्सित'),(2912,'A. वैमनस्य'),(2913,'B. असहयोग'),(2914,'C. विनियोग'),(2915,'D. अलगाव'),(2916,'A. वृहद्'),(2917,'B. वृहत्'),(2918,'C. छोटापन'),(2919,'D. क्षुद्र'),(2920,'A. सुन्दरी'),(2921,'B. दुर्गा'),(2922,'C. मछली'),(2923,'D. लक्ष्मी'),(2924,'A. सर्प'),(2925,'B. अहि'),(2926,'C. विषधर'),(2927,'D. तुरंग'),(2928,'A. राक्षस'),(2929,'B. दानव'),(2930,'C. भूसुर'),(2931,'D. निशाचर'),(2932,'A. विटप'),(2933,'B. प्रसून'),(2934,'C. तड़का'),(2935,'D. हेरम्ब'),(2936,'A. कमलासन'),(2937,'B. चतुरानन'),(2938,'C. चतुर्मुख'),(2939,'D. चतुर्भुज'),(2940,'A. श, ष, स, ह'),(2941,'B. त, थ, द, ध'),(2942,'C. ट, ठ, ड, ढ़'),(2943,'D. च, छ, ज, झ'),(2944,'A. गाय'),(2945,'B. नदी'),(2946,'C. इन्द्रिय'),(2947,'D. गज'),(2948,'A. शंख'),(2949,'B. चन्द्रमा'),(2950,'C. मेघ'),(2951,'A. कान'),(2952,'B. कर्ण'),(2953,'C. श्रुति'),(2954,'D. श्रवणेन्द्रिय'),(2955,'A. यण संधि'),(2956,'B. व्यंजन संधि'),(2957,'C. वृद्धि संधि'),(2958,'D. गुण संधि'),(2959,'D. कपूर'),(2960,'A. वाक् +जाल'),(2961,'B. वाक + जाल'),(2962,'C. वाग् + जाल'),(2963,'D. वागः + जाल'),(2964,'A. द्व + आवपि'),(2965,'B. द्वौ + अपि'),(2966,'C. दव + अयापि'),(2967,'D. इनमें से कोई नही'),(2968,'A. अत्य + धिक'),(2969,'B. अति + अधिक'),(2970,'C. अती + अधिक'),(2971,'D. अत्यधि + क'),(2972,'A. लड़का भूख से अधमरा हो गया था।'),(2973,'B. तुम्हें अपना भला बुरा स्वयं सोचना चाहिए।'),(2974,'C. विवाह संबंध में ऊँच नीच देखना पड़ता है।'),(2975,'D. उठो, दिया बत्ती का समय हो गया।'),(2976,'A. अव्ययीभाव समास'),(2977,'B. तत्पुरूष समास'),(2978,'C. बहुव्रीहि समास'),(2979,'D. कर्मधारय समास'),(2980,'A. बहुव्रीहि समास'),(2981,'B. कर्मधारय समास'),(2982,'C. द्वन्द्र समास'),(2983,'D. अव्ययीभाव समास'),(2984,'A. गुणन्चुग्बी'),(2985,'B. पाठशाला'),(2986,'D. नीलकण्ठ'),(2987,'A. पूर्णकालिक क्रिया'),(2988,'B. प्ररेणार्थक क्रिया'),(2989,'C. श्वेतपत्र'),(2990,'D. अपूर्ण क्रिया'),(2991,'A. तीन'),(2992,'C. संयुक्त क्रिया'),(2993,'B. दो'),(2994,'C. चार'),(2995,'D. पाँच'),(2996,'B. बालक खेल रहा है।'),(2997,'C. छात्र पढ़ रहा है।'),(2998,'D. छात्रा लिख रही है।'),(2999,'A. शिशु सो रहा है।'),(3000,'A. सम्बन्धबोधक शब्द'),(3001,'B. विस्मयादिबोधक शब्द'),(3002,'C. क्रियाविशेषण शब्द'),(3003,'D. समुच्चयबोधक शब्द'),(3004,'A. भविष्य'),(3005,'B. हेतुहेतुमद्भूत'),(3006,'C. वर्तमान'),(3007,'D. आसन्नभूत'),(3008,'A. ब्राह्मण'),(3009,'B. पक्षी'),(3010,'C. दांत'),(3011,'D. विदेह'),(3012,'A. शिशु'),(3013,'B. भक्ति'),(3014,'C. पुस्तक'),(3015,'D. प्राण'),(3016,'A. आय'),(3017,'B. व्यय'),(3018,'C. नहर'),(3019,'A. कवियत्री'),(3020,'B. कवियित्री'),(3021,'D. लहर'),(3022,'C. कवयित्री'),(3023,'D. कवियत्रि'),(3024,'A. झुरमुट'),(3025,'B. अन्त्येष्टि'),(3026,'C. इच्छा'),(3027,'D. निराला'),(3028,'A. वि'),(3029,'C. नि'),(3030,'D. उ'),(3031,'B. प्रति'),(3032,'A. अधि'),(3033,'C. अध'),(3034,'D. प्रति'),(3035,'A. 20'),(3036,'B. अति'),(3037,'B. 18'),(3038,'C. 17'),(3039,'D. 6'),(3040,'A. ,'),(3041,'B. ;'),(3042,'C. \'  \''),(3043,'D. \"'),(3044,'A. ,'),(3045,'B. ;'),(3046,'C. ।'),(3047,'D. :'),(3048,'A. सत्'),(3049,'B. आ'),(3050,'C. अव'),(3051,'D. अचार'),(3052,'A. स्पर्श व्यंजन'),(3053,'C. ऊष्मा व्यंजन'),(3054,'D. उपयुक्त में से कोई नहीं'),(3055,'B. अन्तःस्थ व्यंजन'),(3056,'B. र'),(3057,'C. स'),(3058,'D. फ'),(3059,'A. अक्षर'),(3060,'B. व्यंजन'),(3061,'A. ल'),(3062,'D. संवृत'),(3063,'A. मंगलवार '),(3064,'C. स्वर'),(3065,'B. शुक्रवार'),(3066,'C. शनिवार'),(3067,'D. सोमवार'),(3068,'A. ISK'),(3069,'B. JSI'),(3070,'C. JTK'),(3071,'D. JTJ'),(3072,'B. 900 : 450'),(3073,'A. 0.91875'),(3074,'C. 624 : 208'),(3075,'D. 513:16:00'),(3076,'A. शहद'),(3077,'B. मक्खन'),(3078,'C. साबुन'),(3079,'D. स्याही'),(3080,'A. (2), (1), (5), (4), (3)'),(3081,'B. (2), (1), (4), (5), (3)'),(3082,'C. (2), (5), (4). (I), (3)'),(3083,'D. (1). (2), (4), (5), (3)'),(3084,'C. 36'),(3085,'D. 19'),(3086,'A. मोजार्ट'),(3087,'B. बाख'),(3088,'C. सोक्रेट्स'),(3089,'D. बीथोवेन'),(3090,'A. 8'),(3091,'B. 16'),(3092,'B. 105'),(3093,'A. 64'),(3094,'D. 120'),(3095,'A)'),(3096,'B)'),(3097,'C. '),(3098,'D.  '),(3099,'C. 56'),(3100,'A. 10'),(3101,'B. 8'),(3102,'C. 6'),(3103,'B. 2 + 4 ÷ 6 = 8'),(3104,'C. 4 + 2 ÷ 6 = 1.5'),(3105,'D. 2 + 4 ÷ 3 = 3'),(3106,'A. FICTION'),(3107,'B. ACTION'),(3108,'D. 15'),(3109,'A. 4 ÷ 2 + 3 = 4'),(3110,'C. NATION'),(3111,'D. LIAISON'),(3112,'A.   '),(3113,'B. '),(3114,'C.  '),(3115,'B. + और ×'),(3116,'C. + और ÷'),(3117,'D. – और ×'),(3118,'D.  '),(3119,'A. + और –'),(3120,'A. CUDORPYTIVTI'),(3121,'B. CUDORPYTIVIT'),(3122,'C. CUDOIRPTYIVIT'),(3123,'D. CUDOPRYTIVIT'),(3124,'D. शैशवावस्था, बचपन, किशोरावस्था, यौवन, प्रौढ़'),(3125,'A. Opine'),(3126,'B. Opium'),(3127,'A. बचपन, शैशवावस्था, किशोरावस्था, यौवन, प्रौढ़'),(3128,'B. बचपन, शैशवावस्था, यौवन, किशोरावस्था, प्रौढ़'),(3129,'C. किशोरावस्था, बचपन, शैशवावस्था, यौवन, प्रौढ़'),(3130,'D. Odour'),(3131,'A. dbanb'),(3132,'B. andaa'),(3133,'C. dabnd'),(3134,'D. andad'),(3135,'C. उत्तर'),(3136,'C. Outer'),(3137,'A. पूर्व'),(3138,'B. पश्चिम'),(3139,'D. दक्षिण'),(3140,'A. (i) (iv) (iii) (ii)'),(3141,'B. (ii) (iii) (iv) (i)'),(3142,'D. (iii) (ii) (iv) (i)'),(3143,'A. 21'),(3144,'B. 107'),(3145,'C. 16'),(3146,'D. 45'),(3147,'C. (iv) (i) (iii) (ii)'),(3148,'A. 1982'),(3149,'B. 1978'),(3150,'D. 1945'),(3151,'D. पुत्री'),(3152,'A. 25'),(3153,'B. 49'),(3154,'C. 1704'),(3155,'A. बहन'),(3156,'B. पत्नी'),(3157,'C. माता'),(3158,'C. 100'),(3159,'D. 16'),(3160,'1 76 मी.2'),(3161,'2 144 मी.2'),(3162,'3 84 मी.2'),(3163,'A. 7'),(3164,'B. 6'),(3165,'C. 4'),(3166,'D. 5'),(3167,'4 176 मी.2'),(3168,'2 25'),(3169,'1 30'),(3170,'3 20'),(3171,'4 15'),(3172,'B. 2:07'),(3173,'C. 4:01'),(3174,'D. 3:05'),(3175,'A. 10 सेमी.'),(3176,'B. 12 सेमी.'),(3177,'A. 8:09'),(3178,'C. 14 सेमी.'),(3179,'D. 16 सेमी.'),(3180,'1 रू.4000'),(3181,'3 रू.6000'),(3182,'4 रू.8000'),(3183,'1 3264'),(3184,'2 रू.5000'),(3185,'2 3426'),(3186,'3 3624'),(3187,'4 इनमें से कोई नहीं'),(3188,'1 25%'),(3189,'2 15%'),(3190,'3 10%'),(3191,'A. 11000 रु.'),(3192,'B. 12000 रु.'),(3193,'4 20%'),(3194,'C. 13000 रु.'),(3195,'D. 14000 रु.'),(3196,'A. 30%'),(3197,'B. 40%'),(3198,'C. 50%'),(3199,'D. 60%'),(3200,'A. 10 मीटर'),(3201,'B. 15 मीटर'),(3202,'C. 20 मीटर'),(3203,'B. 8'),(3204,'D. 30 मीटर'),(3205,'A. 4'),(3206,'C. 6'),(3207,'D. 2'),(3208,'A. 93'),(3209,'B. 94'),(3210,'C. 95'),(3211,'D. 96'),(3212,'A. 55'),(3213,'B. 60'),(3214,'C. 65'),(3215,'B. रु.20.15'),(3216,'D. 70'),(3217,'A. रु.19.75'),(3218,'C. रु.21.75'),(3219,'D. रु.23.25'),(3220,'A. 170'),(3221,'B. 160'),(3222,'C. 150'),(3223,'D. 140'),(3224,'1 25.25'),(3225,'2 25.025'),(3226,'3 25.0205'),(3227,'4 25.0025'),(3228,'B. 6.72'),(3229,'D. 0.48'),(3230,'C. 2 घंटा 15 मिनट'),(3231,'A. 1.68'),(3232,'C. 2.24'),(3233,'A. 2 घंटा 20 मिनट'),(3234,'B. 2 घंटा'),(3235,'D. 2 घंटा 30 मिनट'),(3236,'B. 16 वर्ष'),(3237,'A. 16 वर्ष से कम'),(3238,'C. 16 वर्ष से अधिक और 20 वर्ष से कम'),(3239,'D. 20 वर्ष'),(3240,'D. 30 लीटर'),(3241,'A. 10 लीटर'),(3242,'B. 12 लीटर'),(3243,'C. 20 लीटर'),(3244,'C. 144'),(3245,'A. 220'),(3246,'B. 180'),(3247,'D. 200'),(3248,'A. 33 + 33 + 3 + 3'),(3249,'B. 32 + 32 + 32 + 3'),(3250,'C. 33 + 32 + 3 + 3'),(3251,'D. 33 + 3 + 3'),(3252,'A. 400'),(3253,'B. 500'),(3254,'C. 450'),(3255,'D. 60'),(3256,'A. 33, 42'),(3257,'C. 60, 69'),(3258,'D. 70, 79'),(3259,'B. 3.5 किमी'),(3260,'C. 4.5 किमी'),(3261,'B. 53, 62'),(3262,'A. 2.5 किमी'),(3263,'D. 5.5 किमी'),(3264,'A. आर्थिक असमानता'),(3265,'B. रिकवरी (पुनः प्राप्ति)'),(3266,'C. पुरस्कार देना'),(3267,'B. आर्थिक असमानता एवं ऐतिहासिक कारण'),(3268,'C. आर्थिक असमानता एवं अज्ञान'),(3269,'D. आर्थिक असमानता, एतिहासिक कारण एवं दुष्प्रचार'),(3270,'A. दण्ड'),(3271,'D. मूल्यांकन करना'),(3272,'A. भू-राजस्व'),(3273,'B. मूल्य नियंत्रण'),(3274,'D. आजीविकाओं पर कर'),(3275,'C. वरिष्ठ अधिकारी से इसकी शिकायत करेंगे।'),(3276,'D. डयूटी वाले पुलिस कर्मी को ढूंढना शुरू कर देंगे'),(3277,'A. अच्छा व्यवहार'),(3278,'C. प्रति व्यक्ति कर'),(3279,'A. ड्यूटी पर बने रहेंगे।'),(3280,'B. दूसरे पुलिस कर्मी के आने पर चले जायेंगे'),(3281,'B. कटु व्यवहार'),(3282,'C. उचित व्यवहार'),(3283,'D. उपरोक्त में कोई भी नहीं'),(3284,'A. सहयोगियों के समक्ष अपना तर्क रखकर'),(3285,'B. अपने अधिकारी से शिकायत करके'),(3286,'C. मतभेदों का कारण जानने की कोशिश करके आपसी वार्तालाप से उनको दूर करेंगे।'),(3287,'D. उसका मजाक उड़ाकर'),(3288,'A. उसे रोकने का प्रयास करेंगे'),(3289,'B. कुछ नहीं करेंगे'),(3290,'C. सबूत के साथ उच्चाधिकारी को इसकी सूचना देंगे'),(3291,'D. इनमें से कोई नहीं'),(3292,'A. उसका बदला चुकाते हैं'),(3293,'B. उससे मुँह छुपाते हैं।'),(3294,'C. उसका शुक्रिया अदा करते हैं।'),(3295,'D. उसे सहायता के बदले पैसा देते हैं।'),(3296,'A. भाग्य का अनुकूल होना'),(3297,'B. अवसर प्राप्त करने की क्षमता का होना'),(3298,'C. प्रतिकूल परिस्थितियों में भी अपने आपको ढाल लेना और परिश्रम से न भागना'),(3299,'D. उपरोक्त सभी'),(3300,'A. मेहनत एवं आत्मविश्वास से'),(3301,'B. सिफाारिश से'),(3302,'C. अच्छे स्वास्थ्य से'),(3303,'D. दूसरों की सहायता से'),(3304,'B. सुधारक से'),(3305,'A. मिलनसार के रूप में'),(3306,'C. आलोचक के रूप में'),(3307,'D. सामान्य रूप में'),(3308,'A. आप और आपका भाई एक-दूसरे की परीक्षा में मदद करेंगे'),(3309,'B. परीक्षा एवं शारीरिक योग्यता हेतु साथ-साथ तैयारी करेंगे'),(3310,'C. शिकायत के डर से अलग-अलग जिलों में फॉर्म भरेंगे'),(3311,'D. उपर्युक्त में से कोई नहीं'),(3312,'A. उस माहौल से स्वयं को अलग कर लेना'),(3313,'B. खराब माहौल देश की प्रगति में बाधक होता है।'),(3314,'C. उस माहौल में रहकर ही सुधार संभव है'),(3315,'D. सभ को अपने विश्वास में लेकर सुधारात्मक प्रक्रिया प्रारम्भ करना'),(3316,'A. मजबूरी है।'),(3317,'B. जिम्मेदारी है।'),(3318,'C. एक सामाजिक बंधन है।'),(3319,'D. कुछ प्रभावशाली लोगों का नियंत्रण बनाये रखने का तरीका है।'),(3320,'B. ताप्ती'),(3321,'A. घाघरा'),(3322,'C. मांडवी'),(3323,'A. आर्टिकल-13'),(3324,'D. रावी'),(3325,'A. 12 घण्टा'),(3326,'B. 24 घण्टा'),(3327,'C. 48 घण्टा'),(3328,'D. 72 घण्टा'),(3329,'B. आर्टिकल-14'),(3330,'D. आर्टिकल-16'),(3331,'C. आर्टिकल-15'),(3332,'A. जनता की सुरक्षा'),(3333,'B. समाज कल्याण'),(3334,'C. अपने परिवार की सुरक्षा'),(3335,'D. उपरोक्त में से कोई नहीं'),(3336,'A. उच्चतम न्यायालय में'),(3337,'B. उच्च न्यायालय में'),(3338,'C. जिला एवं सत्र न्यायालय में'),(3339,'D. ग्राम न्यायालय में'),(3340,'A. सामाजिक आवश्यकताओं की पूर्ति में सक्षम होना'),(3341,'B. व्यक्ति के जीवन उद्देश्य तथा सामाजिक मान्यताओं के बीच संतुलन'),(3342,'C. उत्तम सामाजिक समायोजन'),(3343,'D. सबको भाने वाला सामाजिक व्यवहार'),(3344,'A. 3'),(3345,'C. 22'),(3346,'B. 8'),(3347,'D. 25'),(3348,'A. 30'),(3349,'B. 29'),(3350,'C. 25'),(3351,'D. 22'),(3352,'A. CWS'),(3353,'B. SWC'),(3354,'C. SCW'),(3355,'D. SBW'),(3356,'A. छिपाना'),(3357,'B. प्रकट करना'),(3358,'C. ढकना'),(3359,'D. गुप्त रखना'),(3360,'A. 4'),(3361,'B. 3'),(3362,'C. 2'),(3363,'D. 1'),(3364,'A. 10'),(3365,'C. 15'),(3366,'B. 12'),(3367,'D. 14'),(3368,'A. 4'),(3369,'B. 3'),(3370,'C. 2'),(3371,'D. 1'),(3372,'C. 42'),(3373,'A. 36'),(3374,'B. 54'),(3375,'D. 64'),(3376,'A. 48'),(3377,'B. 54'),(3378,'C. 42'),(3379,'D. 64'),(3380,'A. CHANGE'),(3381,'A. B'),(3382,'B. MESH'),(3383,'C. DICE'),(3384,'D. CHARM'),(3385,'B. C'),(3386,'D. D'),(3387,'A. ज्या '),(3388,'B. 20'),(3389,'C. 21'),(3390,'C. A'),(3391,'B. ऊँचाई'),(3392,'C. गणित '),(3393,'D. त्रिकोण'),(3394,'A. 11'),(3395,'D. 22'),(3396,'B. 7'),(3397,'B. RETINUE'),(3398,'A. 28'),(3399,'C. 10'),(3400,'D. 26'),(3401,'A. DETERMINE'),(3402,'C. REMINDER'),(3403,'D. RETINA'),(3404,'A. ब्रदर इन्लॉ'),(3405,'B. पुत्र'),(3406,'C. भाई                   '),(3407,'D. भांजा'),(3408,'A. शावक                  '),(3409,'B. चूजा'),(3410,'C. सुअर                             '),(3411,'D. पिल्ला'),(3412,'A. पोलो '),(3413,'B. शतरंज'),(3414,'A. 1995'),(3415,'C. लूडो '),(3416,'D. स्कवैश'),(3417,'A. (a)'),(3418,'B. (b)'),(3419,'C. (c)'),(3420,'B. 1998'),(3421,'C. 1991'),(3422,'D. 1996'),(3423,'D. (d)'),(3424,'A. (a)'),(3425,'B. (b)'),(3426,'C. (c)'),(3427,'D. (d)'),(3428,'D. 2'),(3429,'A. 134'),(3430,'B. 142'),(3431,'C. 6'),(3432,'A. 35'),(3433,'B. 47'),(3434,'C. 39'),(3435,'D. 45'),(3436,'A. जेलर, अजायबघर'),(3437,'B. जेलर, प्रौढ़ता'),(3438,'D. अपराधी, जिज्ञासा'),(3439,'C. कोशिका, इलाज'),(3440,'B. g 48 X'),(3441,'C. g 48 V'),(3442,'A. 30'),(3443,'A. f 46 X'),(3444,'D. f 48 X'),(3445,'B. 36'),(3446,'C. 39'),(3447,'D. 49'),(3448,'A. 36568'),(3449,'B. 65368'),(3450,'C. 63568'),(3451,'A. TRIPURA'),(3452,'B. IMPHAL'),(3453,'C. BANARAS'),(3454,'D. 63569'),(3455,'D. AMRITSAR'),(3456,'A. 20 किमी'),(3457,'B. 30 किमी'),(3458,'C. 25 किमी'),(3459,'D. 35 किमी'),(3460,'C. पाकिस्तान'),(3461,'A. भारत '),(3462,'B. जापान'),(3463,'D. अफ्रीका'),(3464,'C. बर्नियर'),(3465,'A. एरियन'),(3466,'C. भोसले'),(3467,'A. जमुना'),(3468,'B. सिंधिया'),(3469,'D. गायकवाड़'),(3470,'B. पद्मा'),(3471,'A. नरेंद्र मोदी'),(3472,'C. उमा भारती'),(3473,'B. मेनका गांधी'),(3474,'A. होल्कर'),(3475,'D. नितिन गडकरी'),(3476,'D. मैगस्थनीज'),(3477,'A. भारत'),(3478,'B. सिंगापुर'),(3479,'C. मलेशिया'),(3480,'D. जापान'),(3481,'A.  ई.वी. रामास्वामी'),(3482,'B. श्री नारायण गुरू'),(3483,'C. शिव नारायण अग्निहोत्री'),(3484,'D. तुलसी राम'),(3485,'B. ट्रैवेलर'),(3486,'A. वाई एच मालेगाम समिति'),(3487,'B. ए.के. मिश्रा समिति'),(3488,'C. नंदकुमार सरवाडे समिति'),(3489,'D. एस रमन समिति'),(3490,'A. फिलीपीन्स'),(3491,'B. वाशिगंटन डी.सी.'),(3492,'C. स्विटजरलैण्ड'),(3493,'D. वेल्जियम'),(3494,'A. मुंबई'),(3495,'B. वाराणसी'),(3496,'C. पटना'),(3497,'D. शिलांग'),(3498,'A. ओम'),(3499,'C. एम्पीयर'),(3500,'B. वाट'),(3501,'D. ऊपर से कोई नहीं'),(3502,'A. बैडमिंटन'),(3503,'B. बिलियर्ड्स'),(3504,'C. लॉन टेनिस'),(3505,'D. टेबल टेनिस'),(3506,'A. बाल गंगाधर तिलक'),(3507,'B. विपिन चन्द्र पाल'),(3508,'C. अरूणा आसफ अली'),(3509,'D. भगत सिंह'),(3510,'A. नेपाल'),(3511,'B. उत्तराखंड'),(3512,'C. हरियाणा और दिल्ली'),(3513,'D. राजस्थान'),(3514,'A. अरूणा आसफ अली'),(3515,'B. मैडम भीखाजी कामा'),(3516,'C. एनी बेसेन्ट'),(3517,'D. सरोजिनी नायडू'),(3518,'A. 30 m/sec'),(3519,'B. 328 मीटर / सेकंड'),(3520,'C. 332 मीटर / सेकंड'),(3521,'D. 3,320 मीटर / सेकंड'),(3522,'A. अब्दुल रहीम खान खाना'),(3523,'B. फकीर अजिओदीन'),(3524,'C. राजा टोडरमल'),(3525,'D. राजा मान सिंह'),(3526,'A. ऑस्ट्रिया'),(3527,'B. स्वीडन'),(3528,'C. बर्मा'),(3529,'D. नॉर्वे'),(3530,'A. किंग्सटन'),(3531,'B. ब्राजीलिया'),(3532,'C. सुक्रे'),(3533,'D. एडीस अबाबा'),(3534,'A. तमिलनाडु'),(3535,'B. आंध्र प्रदेश'),(3536,'C. केरल'),(3537,'D. कर्नाटक'),(3538,'B. नर्मदा '),(3539,'C. कृष्णा'),(3540,'A. ताप्ती'),(3541,'D. कावेरी'),(3542,'A. हाइड्रोजन'),(3543,'B. हीलियम'),(3544,'C. ऑक्सीजन'),(3545,'D. लीथियम'),(3546,'A. उच्च बुखार ने शरीर का ताप कम करना'),(3547,'B. दर्द से मुक्त करना'),(3548,'C. दबाव और मानसिक रोग का उपचार'),(3549,'D. संक्रमण से बचाना'),(3550,'C. मेघना'),(3551,'A. इलेक्ट्रानों का वेग कम करता है।'),(3552,'B. प्रोटानो का वेग कम करता है।'),(3553,'C. यह हाइड्रोजनीकृत पदार्थ नहीं है।'),(3554,'D. न्यूट्रानों का वेग कम करता है।'),(3555,'A. परमाणु के बाह्य भाग से'),(3556,'B. सक्रिय प्रोटान से'),(3557,'C. सक्रिय इलेक्ट्रॉन से'),(3558,'D. नाभिक से'),(3559,'A. मैक्रोइकोनॉमिक्स'),(3560,'B. सूक्षम अर्थ व्यवस्था'),(3561,'C. सकारात्मक अर्थव्यवस्था'),(3562,'D. नारमेटिक अर्थव्यवस्था'),(3563,'A. लोगों द्वारा संघर्ष'),(3564,'B. विदेशी देश द्वारा आक्रमण'),(3565,'D. हुगली'),(3566,'C. उपनिवेशवाद का अंत'),(3567,'D. स्वतंत्रता के लिए लोगों की इच्छा'),(3568,'A. महाराष्ट्र'),(3569,'B. गुजरात'),(3570,'D. बिहार'),(3571,'A. इंडियन काउंसिल ऑफ सोसल साइन्स रिसर्च'),(3572,'B. इन्टरनेशनल काउंसिल ऑफ सोसल साइन्स रिसर्च'),(3573,'C. मध्य भारत'),(3574,'C. इनीशियल काउंसिल ऑफ सोशल साइन्स रिसर्च'),(3575,'D. इन लॉ काउंसिल ऑफ सोशल साइन्स रिसर्च'),(3576,'A. सम्पत्ति का अधिकार '),(3577,'B. समानता का अधिकार'),(3578,'C. धर्म की स्वतंत्रता का अधिकार'),(3579,'D. B और C '),(3580,'A. 1938'),(3581,'B. 1944'),(3582,'C. 1945'),(3583,'D. 1950'),(3584,'A. श्वेत सागर'),(3585,'B. सारगासो सागर'),(3586,'C. ओखोट्सक सागर'),(3587,'D. तस्मान सागर'),(3588,'A. साइक्लोट्रान'),(3589,'B. ब्रैग स्पेक्ट्रममापी'),(3590,'C. द्रव्यमान स्पेक्ट्रममापी'),(3591,'D. जी. एम. काउंटर'),(3592,'A. केवल 1 और 2'),(3593,'B. केवल 2 और 3'),(3594,'C. केवल 1 और 3'),(3595,'D. उपरोक्त सभी'),(3596,'A. गुदा'),(3597,'B. बड़ी आंत'),(3598,'C. क्षुदांत्र'),(3599,'D. छोटी आंत'),(3600,'A. वेद मेहता'),(3601,'B. नीरद सी. चौधरी'),(3602,'C. मॉर्क टूली'),(3603,'D. आर. के. नारायण'),(3604,'A. व्यक्तिगत आय और धन पर कर'),(3605,'B. आयकर दाताओं पर थोपे गये अनिवार्य निक्षेप'),(3606,'C. निजी क्षेत्र के कर्मचारियों के भविष्य निधि में अभिदान'),(3607,'D. कीमतों में बढ़ोत्तरी के परिणाम स्वरूप खपत की कमी'),(3608,'A. अनुच्छेद-19'),(3609,'B. अनुच्छेद-21'),(3610,'C. अनुच्छेद-25'),(3611,'D. अनुच्छेद-33'),(3612,'A. फ्लोरीन'),(3613,'B. क्लोरीन'),(3614,'C. सोडियम'),(3615,'D. कैल्सियम'),(3616,'A. प्रायद्वीप'),(3617,'B. अंतरीप'),(3618,'C. भू-संधि'),(3619,'D. जलडमरूमध्य'),(3620,'A. कानून और व्यवस्था बनाए रखना'),(3621,'B. कृषि को विकसित करना'),(3622,'C. स्वच्छता को बनाए रखना'),(3623,'D. उपरोक्त सभी'),(3624,'A. पश्चिम बंगाल'),(3625,'B. उत्तर प्रदेश'),(3626,'C. असम'),(3627,'D. मध्य प्रदेश'),(3628,'A. सी. राजगोपालाचारी'),(3629,'B.  डॉ. राजेन्द्र प्रसाद'),(3630,'C. सरोजिनी नायडू'),(3631,'D. एनी बेसेंट'),(3632,'A. वरूण'),(3633,'B. बुध'),(3634,'C. बृहस्पति'),(3635,'D. पृथ्वी'),(3636,'A. मुंबई'),(3637,'B. गुजरात'),(3638,'C. हरियाणा'),(3639,'D. हिमाचल प्रदेश'),(3640,'A. वोग्सवैगन - जर्मनी'),(3641,'B. निसान - जापान'),(3642,'C. हुंडई - नॉर्थ कोरिया'),(3643,'D. शेवरलेट -अमेरिका'),(3644,'A. उड़ीसा'),(3645,'B. पश्चिम बंगाल'),(3646,'C. झारखण्ड'),(3647,'D. बिहार'),(3648,'A. जेनेवा'),(3649,'B. न्यूयार्क'),(3650,'C. पेरिस'),(3651,'D. वाशिंगटन डीसी'),(3652,'A. थालघाट'),(3653,'B. पालघाट'),(3654,'C. भोरघाट'),(3655,'D. इनमें से कोई नहीं'),(3656,'A. 44वाँ'),(3657,'B. 45वाँ'),(3658,'C. 46वाँ'),(3659,'D. 50वाँ'),(3660,'A. पंडित जवाहर लाल नेहरू'),(3661,'B. डॉ. राजेन्द्र प्रसाद'),(3662,'C. मौलाना अबुल कलाम आजाद'),(3663,'D. सुभाष चन्द्र बोस'),(3664,'B. सघोष'),(3665,'C. अल्पप्राण'),(3666,'D. महाप्राण'),(3667,'A. चलना'),(3668,'B. ठहरना या रूकना'),(3669,'C. बिछुड़ना'),(3670,'D. स्वर'),(3671,'A. अरबी'),(3672,'A. अघोष'),(3673,'B. अंग्रेजी'),(3674,'C. फ्रेंच'),(3675,'D. चीनी'),(3676,'A. अधि'),(3677,'B. दुर'),(3678,'C. अति'),(3679,'D. ऊन'),(3680,'A. सम्'),(3681,'B. प्रति'),(3682,'C. वि'),(3683,'D. उ'),(3684,'A. कवित्री'),(3685,'B. कवियत्री'),(3686,'C. कवयित्री'),(3687,'D. कवियित्री'),(3688,'A. राजकुमार'),(3689,'B. यज्ञवेदी'),(3690,'C. आजन्म'),(3691,'D. ग्रामवासी'),(3692,'A. तव + लीन'),(3693,'B. तल + लीन'),(3694,'C. ततः + लीन'),(3695,'D. तत् + लीन'),(3696,'A. रथ'),(3697,'B. पारा'),(3698,'C. हाथी'),(3699,'D. मोक्ष'),(3700,'A. अगम'),(3701,'B. दुर्गम'),(3702,'C. स्थावर'),(3703,'D. चंचल'),(3704,'A. विसृष्टि'),(3705,'B. प्रलय'),(3706,'C. व्यष्टि'),(3707,'D. समष्टि'),(3708,'A. अभिप्सित'),(3709,'B. अनीप्सित'),(3710,'C. परोप्सित'),(3711,'D. सुनीप्सित'),(3712,'A. वैमनस्य'),(3713,'B. असहयोग'),(3714,'C. विनियोग'),(3715,'D. अलगाव'),(3716,'A. वृहद्'),(3717,'B. वृहत्'),(3718,'C. छोटापन'),(3719,'D. क्षुद्र'),(3720,'A. सुन्दरी'),(3721,'B. दुर्गा'),(3722,'C. मछली'),(3723,'D. लक्ष्मी'),(3724,'A. सर्प'),(3725,'B. अहि'),(3726,'C. विषधर'),(3727,'D. तुरंग'),(3728,'A. राक्षस'),(3729,'B. दानव'),(3730,'C. भूसुर'),(3731,'D. निशाचर'),(3732,'A. विटप'),(3733,'B. प्रसून'),(3734,'C. तड़का'),(3735,'D. हेरम्ब'),(3736,'A. कमलासन'),(3737,'B. चतुरानन'),(3738,'C. चतुर्मुख'),(3739,'D. चतुर्भुज'),(3740,'A. श, ष, स, ह'),(3741,'B. त, थ, द, ध'),(3742,'C. ट, ठ, ड, ढ़'),(3743,'D. च, छ, ज, झ'),(3744,'A. गाय'),(3745,'B. नदी'),(3746,'C. इन्द्रिय'),(3747,'D. गज'),(3748,'A. शंख'),(3749,'B. चन्द्रमा'),(3750,'C. मेघ'),(3751,'D. कपूर'),(3752,'A. कान'),(3753,'B. कर्ण'),(3754,'C. श्रुति'),(3755,'D. श्रवणेन्द्रिय'),(3756,'A. यण संधि'),(3757,'B. व्यंजन संधि'),(3758,'C. वृद्धि संधि'),(3759,'D. गुण संधि'),(3760,'A. वाक् +जाल'),(3761,'B. वाक + जाल'),(3762,'C. वाग् + जाल'),(3763,'D. वागः + जाल'),(3764,'A. द्व + आवपि'),(3765,'B. द्वौ + अपि'),(3766,'C. दव + अयापि'),(3767,'D. इनमें से कोई नही'),(3768,'A. अत्य + धिक'),(3769,'B. अति + अधिक'),(3770,'C. अती + अधिक'),(3771,'D. अत्यधि + क'),(3772,'A. लड़का भूख से अधमरा हो गया था।'),(3773,'B. तुम्हें अपना भला बुरा स्वयं सोचना चाहिए।'),(3774,'C. विवाह संबंध में ऊँच नीच देखना पड़ता है।'),(3775,'D. उठो, दिया बत्ती का समय हो गया।'),(3776,'A. अव्ययीभाव समास'),(3777,'C. बहुव्रीहि समास'),(3778,'D. कर्मधारय समास'),(3779,'A. बहुव्रीहि समास'),(3780,'B. कर्मधारय समास'),(3781,'C. द्वन्द्र समास'),(3782,'B. तत्पुरूष समास'),(3783,'D. अव्ययीभाव समास'),(3784,'A. गुणन्चुग्बी'),(3785,'B. पाठशाला'),(3786,'C. श्वेतपत्र'),(3787,'A. पूर्णकालिक क्रिया'),(3788,'D. नीलकण्ठ'),(3789,'B. प्ररेणार्थक क्रिया'),(3790,'C. संयुक्त क्रिया'),(3791,'D. अपूर्ण क्रिया'),(3792,'A. तीन'),(3793,'B. दो'),(3794,'C. चार'),(3795,'D. पाँच'),(3796,'A. शिशु सो रहा है।'),(3797,'B. बालक खेल रहा है।'),(3798,'C. छात्र पढ़ रहा है।'),(3799,'D. छात्रा लिख रही है।'),(3800,'A. सम्बन्धबोधक शब्द'),(3801,'B. विस्मयादिबोधक शब्द'),(3802,'C. क्रियाविशेषण शब्द'),(3803,'D. समुच्चयबोधक शब्द'),(3804,'A. भविष्य'),(3805,'B. हेतुहेतुमद्भूत'),(3806,'C. वर्तमान'),(3807,'D. आसन्नभूत'),(3808,'A. ब्राह्मण'),(3809,'B. पक्षी'),(3810,'C. दांत'),(3811,'A. शिशु'),(3812,'B. भक्ति'),(3813,'C. पुस्तक'),(3814,'D. प्राण'),(3815,'A. आय'),(3816,'B. व्यय'),(3817,'D. विदेह'),(3818,'C. नहर'),(3819,'A. कवियत्री'),(3820,'D. लहर'),(3821,'B. कवियित्री'),(3822,'C. कवयित्री'),(3823,'D. कवियत्रि'),(3824,'A. झुरमुट'),(3825,'C. इच्छा'),(3826,'D. निराला'),(3827,'B. अन्त्येष्टि'),(3828,'A. वि'),(3829,'C. नि'),(3830,'B. प्रति'),(3831,'D. उ'),(3832,'A. अधि'),(3833,'B. अति'),(3834,'C. अध'),(3835,'D. प्रति'),(3836,'A. 20'),(3837,'B. 18'),(3838,'C. 17'),(3839,'D. 6'),(3840,'B. ;'),(3841,'C. \'  \''),(3842,'D. \"'),(3843,'A. ,'),(3844,'B. ;'),(3845,'C. ।'),(3846,'A. ,'),(3847,'D. :'),(3848,'A. सत्'),(3849,'B. आ'),(3850,'C. अव'),(3851,'A. स्पर्श व्यंजन'),(3852,'B. अन्तःस्थ व्यंजन'),(3853,'D. उपयुक्त में से कोई नहीं'),(3854,'A. ल'),(3855,'D. अचार'),(3856,'C. ऊष्मा व्यंजन'),(3857,'B. र'),(3858,'C. स'),(3859,'D. फ'),(3860,'A. अक्षर'),(3861,'B. व्यंजन'),(3862,'C. स्वर'),(3863,'D. संवृत'),(3864,'A. मंगलवार '),(3865,'B. शुक्रवार'),(3866,'C. शनिवार'),(3867,'D. सोमवार'),(3868,'B. JSI'),(3869,'C. JTK'),(3870,'B. 900 : 450'),(3871,'A. ISK'),(3872,'D. JTJ'),(3873,'A. 0.91875'),(3874,'C. 624 : 208'),(3875,'D. 513:16:00'),(3876,'B. मक्खन'),(3877,'C. साबुन'),(3878,'C. (2), (5), (4). (I), (3)'),(3879,'D. (1). (2), (4), (5), (3)'),(3880,'A. शहद'),(3881,'D. स्याही'),(3882,'A. (2), (1), (5), (4), (3)'),(3883,'B. (2), (1), (4), (5), (3)'),(3884,'A. 8'),(3885,'B. 16'),(3886,'C. 36'),(3887,'D. 19'),(3888,'A. मोजार्ट'),(3889,'B. बाख'),(3890,'C. सोक्रेट्स'),(3891,'D. बीथोवेन'),(3892,'A. 64'),(3893,'C. 56'),(3894,'D. 120'),(3895,'B. 105'),(3896,'A)'),(3897,'B)'),(3898,'C. '),(3899,'D.  '),(3900,'B. 8'),(3901,'A. 4 ÷ 2 + 3 = 4'),(3902,'A. 10'),(3903,'C. 6'),(3904,'D. 15'),(3905,'B. 2 + 4 ÷ 6 = 8'),(3906,'C. 4 + 2 ÷ 6 = 1.5'),(3907,'D. 2 + 4 ÷ 3 = 3'),(3908,'A. FICTION'),(3909,'B. ACTION'),(3910,'C. NATION'),(3911,'D. LIAISON'),(3912,'A.   '),(3913,'C.  '),(3914,'D.  '),(3915,'A. + और –'),(3916,'B. + और ×'),(3917,'B. '),(3918,'D. – और ×'),(3919,'C. + और ÷'),(3920,'A. CUDORPYTIVTI'),(3921,'B. CUDORPYTIVIT'),(3922,'C. CUDOIRPTYIVIT'),(3923,'A. बचपन, शैशवावस्था, किशोरावस्था, यौवन, प्रौढ़'),(3924,'C. किशोरावस्था, बचपन, शैशवावस्था, यौवन, प्रौढ़'),(3925,'D. शैशवावस्था, बचपन, किशोरावस्था, यौवन, प्रौढ़'),(3926,'D. CUDOPRYTIVIT'),(3927,'B. बचपन, शैशवावस्था, यौवन, किशोरावस्था, प्रौढ़'),(3928,'A. Opine'),(3929,'B. Opium'),(3930,'C. Outer'),(3931,'D. Odour'),(3932,'A. dbanb'),(3933,'B. andaa'),(3934,'C. dabnd'),(3935,'D. andad'),(3936,'B. पश्चिम'),(3937,'A. पूर्व'),(3938,'D. दक्षिण'),(3939,'A. (i) (iv) (iii) (ii)'),(3940,'C. उत्तर'),(3941,'B. (ii) (iii) (iv) (i)'),(3942,'C. (iv) (i) (iii) (ii)'),(3943,'D. (iii) (ii) (iv) (i)'),(3944,'A. 21'),(3945,'B. 107'),(3946,'C. 16'),(3947,'D. 45'),(3948,'A. 1982'),(3949,'B. 1978'),(3950,'C. 1704'),(3951,'D. 1945'),(3952,'A. बहन'),(3953,'B. पत्नी'),(3954,'A. 25'),(3955,'C. 100'),(3956,'D. 16'),(3957,'1 76 मी.2'),(3958,'C. माता'),(3959,'D. पुत्री'),(3960,'B. 49'),(3961,'2 144 मी.2'),(3962,'3 84 मी.2'),(3963,'4 176 मी.2'),(3964,'A. 7'),(3965,'B. 6'),(3966,'C. 4'),(3967,'2 25'),(3968,'D. 5'),(3969,'1 30'),(3970,'A. 8:09'),(3971,'B. 2:07'),(3972,'3 20'),(3973,'4 15'),(3974,'C. 4:01'),(3975,'D. 3:05'),(3976,'A. 10 सेमी.'),(3977,'B. 12 सेमी.'),(3978,'C. 14 सेमी.'),(3979,'D. 16 सेमी.'),(3980,'1 रू.4000'),(3981,'2 रू.5000'),(3982,'4 रू.8000'),(3983,'1 3264'),(3984,'2 3426'),(3985,'3 रू.6000'),(3986,'4 इनमें से कोई नहीं'),(3987,'1 25%'),(3988,'2 15%'),(3989,'3 10%'),(3990,'4 20%'),(3991,'3 3624'),(3992,'B. 12000 रु.'),(3993,'A. 11000 रु.'),(3994,'C. 13000 रु.'),(3995,'D. 14000 रु.'),(3996,'B. 40%'),(3997,'C. 50%'),(3998,'A. 10 मीटर'),(3999,'A. 30%'),(4000,'D. 60%'),(4001,'B. 15 मीटर'),(4002,'D. 30 मीटर'),(4003,'C. 20 मीटर'),(4004,'A. 4'),(4005,'B. 8'),(4006,'C. 6'),(4007,'D. 2'),(4008,'A. 93'),(4009,'B. 94'),(4010,'C. 95'),(4011,'A. 55'),(4012,'B. 60'),(4013,'D. 96'),(4014,'C. 65'),(4015,'D. 70'),(4016,'B. रु.20.15'),(4017,'C. रु.21.75'),(4018,'D. रु.23.25'),(4019,'A. रु.19.75'),(4020,'A. 170'),(4021,'B. 160'),(4022,'C. 150'),(4023,'D. 140'),(4024,'2 25.025'),(4025,'3 25.0205'),(4026,'1 25.25'),(4027,'4 25.0025'),(4028,'A. 1.68'),(4029,'B. 6.72'),(4030,'C. 2.24'),(4031,'D. 0.48'),(4032,'A. 2 घंटा 20 मिनट'),(4033,'B. 2 घंटा'),(4034,'A. 16 वर्ष से कम'),(4035,'C. 16 वर्ष से अधिक और 20 वर्ष से कम'),(4036,'C. 2 घंटा 15 मिनट'),(4037,'D. 2 घंटा 30 मिनट'),(4038,'B. 16 वर्ष'),(4039,'D. 30 लीटर'),(4040,'D. 20 वर्ष'),(4041,'A. 10 लीटर'),(4042,'B. 12 लीटर'),(4043,'C. 20 लीटर'),(4044,'D. 200'),(4045,'A. 220'),(4046,'B. 180'),(4047,'C. 144'),(4048,'A. 33 + 33 + 3 + 3'),(4049,'B. 32 + 32 + 32 + 3'),(4050,'C. 33 + 32 + 3 + 3'),(4051,'D. 33 + 3 + 3'),(4052,'A. 400'),(4053,'B. 500'),(4054,'C. 450'),(4055,'D. 60'),(4056,'A. 33, 42'),(4057,'C. 60, 69'),(4058,'D. 70, 79'),(4059,'B. 53, 62'),(4060,'A. 2.5 किमी'),(4061,'C. 4.5 किमी'),(4062,'D. 5.5 किमी'),(4063,'A. आर्थिक असमानता'),(4064,'B. आर्थिक असमानता एवं ऐतिहासिक कारण'),(4065,'B. 3.5 किमी'),(4066,'D. आर्थिक असमानता, एतिहासिक कारण एवं दुष्प्रचार'),(4067,'A. दण्ड'),(4068,'C. आर्थिक असमानता एवं अज्ञान'),(4069,'B. रिकवरी (पुनः प्राप्ति)'),(4070,'C. पुरस्कार देना'),(4071,'D. मूल्यांकन करना'),(4072,'A. भू-राजस्व'),(4073,'B. मूल्य नियंत्रण'),(4074,'D. आजीविकाओं पर कर'),(4075,'C. प्रति व्यक्ति कर'),(4076,'A. ड्यूटी पर बने रहेंगे।'),(4077,'B. दूसरे पुलिस कर्मी के आने पर चले जायेंगे'),(4078,'C. वरिष्ठ अधिकारी से इसकी शिकायत करेंगे।'),(4079,'D. डयूटी वाले पुलिस कर्मी को ढूंढना शुरू कर देंगे'),(4080,'B. कटु व्यवहार'),(4081,'C. उचित व्यवहार'),(4082,'D. उपरोक्त में कोई भी नहीं'),(4083,'A. सहयोगियों के समक्ष अपना तर्क रखकर'),(4084,'A. अच्छा व्यवहार'),(4085,'B. अपने अधिकारी से शिकायत करके'),(4086,'D. उसका मजाक उड़ाकर'),(4087,'A. उसे रोकने का प्रयास करेंगे'),(4088,'C. मतभेदों का कारण जानने की कोशिश करके आपसी वार्तालाप से उनको दूर करेंगे।'),(4089,'B. कुछ नहीं करेंगे'),(4090,'C. सबूत के साथ उच्चाधिकारी को इसकी सूचना देंगे'),(4091,'D. इनमें से कोई नहीं'),(4092,'A. उसका बदला चुकाते हैं'),(4093,'B. उससे मुँह छुपाते हैं।'),(4094,'A. भाग्य का अनुकूल होना'),(4095,'B. अवसर प्राप्त करने की क्षमता का होना'),(4096,'C. उसका शुक्रिया अदा करते हैं।'),(4097,'D. उसे सहायता के बदले पैसा देते हैं।'),(4098,'C. प्रतिकूल परिस्थितियों में भी अपने आपको ढाल लेना और परिश्रम से न भागना'),(4099,'A. मेहनत एवं आत्मविश्वास से'),(4100,'D. उपरोक्त सभी'),(4101,'B. सिफाारिश से'),(4102,'C. अच्छे स्वास्थ्य से'),(4103,'D. दूसरों की सहायता से'),(4104,'A. मिलनसार के रूप में'),(4105,'B. सुधारक से'),(4106,'C. आलोचक के रूप में'),(4107,'D. सामान्य रूप में'),(4108,'A. आप और आपका भाई एक-दूसरे की परीक्षा में मदद करेंगे'),(4109,'B. परीक्षा एवं शारीरिक योग्यता हेतु साथ-साथ तैयारी करेंगे'),(4110,'C. शिकायत के डर से अलग-अलग जिलों में फॉर्म भरेंगे'),(4111,'A. उस माहौल से स्वयं को अलग कर लेना'),(4112,'A. घाघरा'),(4113,'D. उपर्युक्त में से कोई नहीं'),(4114,'B. खराब माहौल देश की प्रगति में बाधक होता है।'),(4115,'C. उस माहौल में रहकर ही सुधार संभव है'),(4116,'D. सभ को अपने विश्वास में लेकर सुधारात्मक प्रक्रिया प्रारम्भ करना'),(4117,'A. मजबूरी है।'),(4118,'B. जिम्मेदारी है।'),(4119,'C. एक सामाजिक बंधन है।'),(4120,'D. कुछ प्रभावशाली लोगों का नियंत्रण बनाये रखने का तरीका है।'),(4121,'B. ताप्ती'),(4122,'C. मांडवी'),(4123,'D. रावी'),(4124,'A. 12 घण्टा'),(4125,'B. 24 घण्टा'),(4126,'C. 48 घण्टा'),(4127,'D. 72 घण्टा'),(4128,'D. आर्टिकल-16'),(4129,'B. समाज कल्याण'),(4130,'A. आर्टिकल-13'),(4131,'B. आर्टिकल-14'),(4132,'C. आर्टिकल-15'),(4133,'A. जनता की सुरक्षा'),(4134,'C. अपने परिवार की सुरक्षा'),(4135,'D. उपरोक्त में से कोई नहीं'),(4136,'A. उच्चतम न्यायालय में'),(4137,'B. उच्च न्यायालय में'),(4138,'C. जिला एवं सत्र न्यायालय में'),(4139,'D. ग्राम न्यायालय में'),(4140,'C. उत्तम सामाजिक समायोजन'),(4141,'D. सबको भाने वाला सामाजिक व्यवहार'),(4142,'B. 8'),(4143,'A. सामाजिक आवश्यकताओं की पूर्ति में सक्षम होना'),(4144,'B. व्यक्ति के जीवन उद्देश्य तथा सामाजिक मान्यताओं के बीच संतुलन'),(4145,'A. 3'),(4146,'C. 22'),(4147,'D. 25'),(4148,'A. 30'),(4149,'B. 29'),(4150,'C. 25'),(4151,'D. 22'),(4152,'A. CWS'),(4153,'B. SWC'),(4154,'C. SCW'),(4155,'D. SBW'),(4156,'A. छिपाना'),(4157,'B. प्रकट करना'),(4158,'D. गुप्त रखना'),(4159,'C. ढकना'),(4160,'A. 4'),(4161,'B. 3'),(4162,'D. 1'),(4163,'C. 2'),(4164,'A. 10'),(4165,'B. 12'),(4166,'C. 15'),(4167,'D. 14'),(4168,'B. 3'),(4169,'A. 4'),(4170,'C. 2'),(4171,'D. 1'),(4172,'A. 36'),(4173,'C. 42'),(4174,'B. 54'),(4175,'D. 64'),(4176,'A. 48'),(4177,'D. 64'),(4178,'B. 54'),(4179,'C. 42'),(4180,'D. CHARM'),(4181,'A. B'),(4182,'B. C'),(4183,'A. CHANGE'),(4184,'B. MESH'),(4185,'C. DICE'),(4186,'B. ऊँचाई'),(4187,'C. A'),(4188,'D. D'),(4189,'A. ज्या '),(4190,'D. त्रिकोण'),(4191,'C. 21'),(4192,'D. 22'),(4193,'C. गणित '),(4194,'A. 11'),(4195,'B. 20'),(4196,'D. 26'),(4197,'A. 28'),(4198,'B. 7'),(4199,'C. 10'),(4200,'B. RETINUE'),(4201,'C. REMINDER'),(4202,'A. DETERMINE'),(4203,'D. RETINA'),(4204,'A. ब्रदर इन्लॉ'),(4205,'B. पुत्र'),(4206,'D. भांजा'),(4207,'A. शावक                  '),(4208,'B. चूजा'),(4209,'C. भाई                   '),(4210,'C. सुअर                             '),(4211,'D. पिल्ला'),(4212,'D. स्कवैश'),(4213,'A. पोलो '),(4214,'B. शतरंज'),(4215,'C. लूडो '),(4216,'A. 1995'),(4217,'B. 1998'),(4218,'C. 1991'),(4219,'D. 1996'),(4220,'A. (a)'),(4221,'B. (b)'),(4222,'C. (c)'),(4223,'D. (d)'),(4224,'B. (b)'),(4225,'A. (a)'),(4226,'D. (d)'),(4227,'B. 142'),(4228,'C. (c)'),(4229,'A. 134'),(4230,'C. 6'),(4231,'D. 2'),(4232,'A. 35'),(4233,'B. 47'),(4234,'C. 39'),(4235,'D. 45'),(4236,'B. जेलर, प्रौढ़ता'),(4237,'A. जेलर, अजायबघर'),(4238,'C. कोशिका, इलाज'),(4239,'D. अपराधी, जिज्ञासा'),(4240,'A. f 46 X'),(4241,'B. g 48 X'),(4242,'C. g 48 V'),(4243,'A. 30'),(4244,'D. f 48 X'),(4245,'B. 36'),(4246,'C. 39'),(4247,'D. 49'),(4248,'A. 36568'),(4249,'B. 65368'),(4250,'C. 63568'),(4251,'D. 63569'),(4252,'A. TRIPURA'),(4253,'B. IMPHAL'),(4254,'C. BANARAS'),(4255,'D. AMRITSAR'),(4256,'D. 35 किमी'),(4257,'A. 20 किमी'),(4258,'B. 30 किमी'),(4259,'C. 25 किमी'),(4260,'A. भारत '),(4261,'B. जापान'),(4262,'C. पाकिस्तान'),(4263,'D. अफ्रीका'),(4264,'A. एरियन'),(4265,'B. ट्रैवेलर'),(4266,'C. बर्नियर'),(4267,'A. जमुना'),(4268,'D. मैगस्थनीज'),(4269,'C. मेघना'),(4270,'D. हुगली'),(4271,'B. पद्मा'),(4272,'B. सिंधिया'),(4273,'A. होल्कर'),(4274,'C. भोसले'),(4275,'D. गायकवाड़'),(4276,'A. नरेंद्र मोदी'),(4277,'B. मेनका गांधी'),(4278,'C. उमा भारती'),(4279,'D. नितिन गडकरी'),(4280,'A. भारत'),(4281,'B. सिंगापुर'),(4282,'C. मलेशिया'),(4283,'D. जापान'),(4284,'A.  ई.वी. रामास्वामी'),(4285,'B. श्री नारायण गुरू'),(4286,'C. शिव नारायण अग्निहोत्री'),(4287,'D. तुलसी राम'),(4288,'A. वाई एच मालेगाम समिति'),(4289,'B. ए.के. मिश्रा समिति'),(4290,'C. नंदकुमार सरवाडे समिति'),(4291,'D. एस रमन समिति'),(4292,'A. फिलीपीन्स'),(4293,'B. वाशिगंटन डी.सी.'),(4294,'C. स्विटजरलैण्ड'),(4295,'D. वेल्जियम'),(4296,'A. मुंबई'),(4297,'B. वाराणसी'),(4298,'C. पटना'),(4299,'D. शिलांग'),(4300,'A. ओम'),(4301,'B. वाट'),(4302,'C. एम्पीयर'),(4303,'D. ऊपर से कोई नहीं'),(4304,'A. बैडमिंटन'),(4305,'C. लॉन टेनिस'),(4306,'D. टेबल टेनिस'),(4307,'A. बाल गंगाधर तिलक'),(4308,'B. बिलियर्ड्स'),(4309,'B. विपिन चन्द्र पाल'),(4310,'C. अरूणा आसफ अली'),(4311,'D. भगत सिंह'),(4312,'A. नेपाल'),(4313,'B. उत्तराखंड'),(4314,'C. हरियाणा और दिल्ली'),(4315,'D. राजस्थान'),(4316,'A. अरूणा आसफ अली'),(4317,'B. मैडम भीखाजी कामा'),(4318,'C. एनी बेसेन्ट'),(4319,'D. सरोजिनी नायडू'),(4320,'A. 30 m/sec'),(4321,'B. 328 मीटर / सेकंड'),(4322,'C. 332 मीटर / सेकंड'),(4323,'D. 3,320 मीटर / सेकंड'),(4324,'A. अब्दुल रहीम खान खाना'),(4325,'B. फकीर अजिओदीन'),(4326,'C. राजा टोडरमल'),(4327,'D. राजा मान सिंह'),(4328,'A. ऑस्ट्रिया'),(4329,'B. स्वीडन'),(4330,'C. बर्मा'),(4331,'D. नॉर्वे'),(4332,'A. किंग्सटन'),(4333,'B. ब्राजीलिया'),(4334,'C. सुक्रे'),(4335,'D. एडीस अबाबा'),(4336,'A. तमिलनाडु'),(4337,'B. आंध्र प्रदेश'),(4338,'C. केरल'),(4339,'D. कर्नाटक'),(4340,'A. ताप्ती'),(4341,'B. नर्मदा '),(4342,'C. कृष्णा'),(4343,'D. कावेरी'),(4344,'A. हाइड्रोजन'),(4345,'B. हीलियम'),(4346,'C. ऑक्सीजन'),(4347,'D. लीथियम'),(4348,'A. उच्च बुखार ने शरीर का ताप कम करना'),(4349,'B. दर्द से मुक्त करना'),(4350,'C. दबाव और मानसिक रोग का उपचार'),(4351,'D. संक्रमण से बचाना'),(4352,'A. इलेक्ट्रानों का वेग कम करता है।'),(4353,'B. प्रोटानो का वेग कम करता है।'),(4354,'C. यह हाइड्रोजनीकृत पदार्थ नहीं है।'),(4355,'D. न्यूट्रानों का वेग कम करता है।'),(4356,'A. परमाणु के बाह्य भाग से'),(4357,'B. सक्रिय प्रोटान से'),(4358,'D. नाभिक से'),(4359,'A. मैक्रोइकोनॉमिक्स'),(4360,'B. सूक्षम अर्थ व्यवस्था'),(4361,'C. सकारात्मक अर्थव्यवस्था'),(4362,'D. नारमेटिक अर्थव्यवस्था'),(4363,'C. सक्रिय इलेक्ट्रॉन से'),(4364,'A. लोगों द्वारा संघर्ष'),(4365,'B. विदेशी देश द्वारा आक्रमण'),(4366,'C. उपनिवेशवाद का अंत'),(4367,'D. स्वतंत्रता के लिए लोगों की इच्छा'),(4368,'A. महाराष्ट्र'),(4369,'B. गुजरात'),(4370,'C. मध्य भारत'),(4371,'D. बिहार'),(4372,'A. इंडियन काउंसिल ऑफ सोसल साइन्स रिसर्च'),(4373,'B. इन्टरनेशनल काउंसिल ऑफ सोसल साइन्स रिसर्च'),(4374,'C. इनीशियल काउंसिल ऑफ सोशल साइन्स रिसर्च'),(4375,'D. इन लॉ काउंसिल ऑफ सोशल साइन्स रिसर्च'),(4376,'A. सम्पत्ति का अधिकार '),(4377,'B. समानता का अधिकार'),(4378,'C. धर्म की स्वतंत्रता का अधिकार'),(4379,'D. B और C '),(4380,'A. 1938'),(4381,'B. 1944'),(4382,'C. 1945'),(4383,'D. 1950'),(4384,'A. श्वेत सागर'),(4385,'B. सारगासो सागर'),(4386,'C. ओखोट्सक सागर'),(4387,'D. तस्मान सागर'),(4388,'A. साइक्लोट्रान'),(4389,'B. ब्रैग स्पेक्ट्रममापी'),(4390,'C. द्रव्यमान स्पेक्ट्रममापी'),(4391,'D. जी. एम. काउंटर'),(4392,'A. केवल 1 और 2'),(4393,'B. केवल 2 और 3'),(4394,'C. केवल 1 और 3'),(4395,'D. उपरोक्त सभी'),(4396,'A. गुदा'),(4397,'B. बड़ी आंत'),(4398,'C. क्षुदांत्र'),(4399,'D. छोटी आंत'),(4400,'A. वेद मेहता'),(4401,'B. नीरद सी. चौधरी'),(4402,'C. मॉर्क टूली'),(4403,'D. आर. के. नारायण'),(4404,'A. व्यक्तिगत आय और धन पर कर'),(4405,'B. आयकर दाताओं पर थोपे गये अनिवार्य निक्षेप'),(4406,'C. निजी क्षेत्र के कर्मचारियों के भविष्य निधि में अभिदान'),(4407,'D. कीमतों में बढ़ोत्तरी के परिणाम स्वरूप खपत की कमी'),(4408,'A. अनुच्छेद-19'),(4409,'B. अनुच्छेद-21'),(4410,'C. अनुच्छेद-25'),(4411,'D. अनुच्छेद-33'),(4412,'A. फ्लोरीन'),(4413,'B. क्लोरीन'),(4414,'C. सोडियम'),(4415,'D. कैल्सियम'),(4416,'A. प्रायद्वीप'),(4417,'B. अंतरीप'),(4418,'C. भू-संधि'),(4419,'D. जलडमरूमध्य'),(4420,'A. कानून और व्यवस्था बनाए रखना'),(4421,'B. कृषि को विकसित करना'),(4422,'C. स्वच्छता को बनाए रखना'),(4423,'D. उपरोक्त सभी'),(4424,'A. पश्चिम बंगाल'),(4425,'B. उत्तर प्रदेश'),(4426,'C. असम'),(4427,'D. मध्य प्रदेश'),(4428,'A. सी. राजगोपालाचारी'),(4429,'B.  डॉ. राजेन्द्र प्रसाद'),(4430,'C. सरोजिनी नायडू'),(4431,'D. एनी बेसेंट'),(4432,'A. वरूण'),(4433,'B. बुध'),(4434,'C. बृहस्पति'),(4435,'D. पृथ्वी'),(4436,'A. मुंबई'),(4437,'B. गुजरात'),(4438,'C. हरियाणा'),(4439,'D. हिमाचल प्रदेश'),(4440,'A. वोग्सवैगन - जर्मनी'),(4441,'B. निसान - जापान'),(4442,'C. हुंडई - नॉर्थ कोरिया'),(4443,'D. शेवरलेट -अमेरिका'),(4444,'A. उड़ीसा'),(4445,'B. पश्चिम बंगाल'),(4446,'C. झारखण्ड'),(4447,'D. बिहार'),(4448,'A. जेनेवा'),(4449,'B. न्यूयार्क'),(4450,'C. पेरिस'),(4451,'D. वाशिंगटन डीसी'),(4452,'A. थालघाट'),(4453,'B. पालघाट'),(4454,'C. भोरघाट'),(4455,'D. इनमें से कोई नहीं'),(4456,'A. 44वाँ'),(4457,'B. 45वाँ'),(4458,'C. 46वाँ'),(4459,'D. 50वाँ'),(4460,'A. पंडित जवाहर लाल नेहरू'),(4461,'B. डॉ. राजेन्द्र प्रसाद'),(4462,'C. मौलाना अबुल कलाम आजाद'),(4463,'D. सुभाष चन्द्र बोस'),(4464,'A. अघोष'),(4465,'B. सघोष'),(4466,'C. अल्पप्राण'),(4467,'D. महाप्राण'),(4468,'A. चलना'),(4469,'B. ठहरना या रूकना'),(4470,'C. बिछुड़ना'),(4471,'D. स्वर'),(4472,'A. अरबी'),(4473,'B. अंग्रेजी'),(4474,'C. फ्रेंच'),(4475,'D. चीनी'),(4476,'A. अधि'),(4477,'B. दुर'),(4478,'C. अति'),(4479,'D. ऊन'),(4480,'A. सम्'),(4481,'B. प्रति'),(4482,'C. वि'),(4483,'D. उ'),(4484,'A. कवित्री'),(4485,'B. कवियत्री'),(4486,'C. कवयित्री'),(4487,'D. कवियित्री'),(4488,'A. राजकुमार'),(4489,'B. यज्ञवेदी'),(4490,'C. आजन्म'),(4491,'D. ग्रामवासी'),(4492,'A. तव + लीन'),(4493,'B. तल + लीन'),(4494,'C. ततः + लीन'),(4495,'D. तत् + लीन'),(4496,'A. रथ'),(4497,'B. पारा'),(4498,'D. मोक्ष'),(4499,'A. अगम'),(4500,'B. दुर्गम'),(4501,'C. स्थावर'),(4502,'D. चंचल'),(4503,'C. हाथी'),(4504,'A. विसृष्टि'),(4505,'B. प्रलय'),(4506,'C. व्यष्टि'),(4507,'D. समष्टि'),(4508,'A. अभिप्सित'),(4509,'B. अनीप्सित'),(4510,'C. परोप्सित'),(4511,'D. सुनीप्सित'),(4512,'A. वैमनस्य'),(4513,'B. असहयोग'),(4514,'C. विनियोग'),(4515,'D. अलगाव'),(4516,'A. वृहद्'),(4517,'B. वृहत्'),(4518,'C. छोटापन'),(4519,'D. क्षुद्र'),(4520,'A. सुन्दरी'),(4521,'B. दुर्गा'),(4522,'C. मछली'),(4523,'D. लक्ष्मी'),(4524,'A. सर्प'),(4525,'B. अहि'),(4526,'C. विषधर'),(4527,'D. तुरंग'),(4528,'B. दानव'),(4529,'D. निशाचर'),(4530,'A. विटप'),(4531,'B. प्रसून'),(4532,'A. राक्षस'),(4533,'C. भूसुर'),(4534,'C. तड़का'),(4535,'D. हेरम्ब'),(4536,'A. कमलासन'),(4537,'B. चतुरानन'),(4538,'C. चतुर्मुख'),(4539,'D. चतुर्भुज'),(4540,'A. श, ष, स, ह'),(4541,'B. त, थ, द, ध'),(4542,'C. ट, ठ, ड, ढ़'),(4543,'D. च, छ, ज, झ'),(4544,'A. गाय'),(4545,'B. नदी'),(4546,'C. इन्द्रिय'),(4547,'D. गज'),(4548,'C. मेघ'),(4549,'D. कपूर'),(4550,'A. कान'),(4551,'B. कर्ण'),(4552,'A. शंख'),(4553,'B. चन्द्रमा'),(4554,'C. श्रुति'),(4555,'D. श्रवणेन्द्रिय'),(4556,'A. यण संधि'),(4557,'B. व्यंजन संधि'),(4558,'C. वृद्धि संधि'),(4559,'D. गुण संधि'),(4560,'A. वाक् +जाल'),(4561,'B. वाक + जाल'),(4562,'C. वाग् + जाल'),(4563,'D. वागः + जाल'),(4564,'A. द्व + आवपि'),(4565,'B. द्वौ + अपि'),(4566,'C. दव + अयापि'),(4567,'D. इनमें से कोई नही'),(4568,'A. अत्य + धिक'),(4569,'B. अति + अधिक'),(4570,'C. अती + अधिक'),(4571,'D. अत्यधि + क'),(4572,'B. तुम्हें अपना भला बुरा स्वयं सोचना चाहिए।'),(4573,'A. लड़का भूख से अधमरा हो गया था।'),(4574,'C. विवाह संबंध में ऊँच नीच देखना पड़ता है।'),(4575,'D. उठो, दिया बत्ती का समय हो गया।'),(4576,'B. तत्पुरूष समास'),(4577,'A. अव्ययीभाव समास'),(4578,'D. कर्मधारय समास'),(4579,'A. बहुव्रीहि समास'),(4580,'B. कर्मधारय समास'),(4581,'C. द्वन्द्र समास'),(4582,'C. बहुव्रीहि समास'),(4583,'D. अव्ययीभाव समास'),(4584,'A. गुणन्चुग्बी'),(4585,'B. पाठशाला'),(4586,'C. श्वेतपत्र'),(4587,'D. नीलकण्ठ'),(4588,'C. संयुक्त क्रिया'),(4589,'D. अपूर्ण क्रिया'),(4590,'A. तीन'),(4591,'B. दो'),(4592,'A. पूर्णकालिक क्रिया'),(4593,'B. प्ररेणार्थक क्रिया'),(4594,'C. चार'),(4595,'D. पाँच'),(4596,'A. शिशु सो रहा है।'),(4597,'B. बालक खेल रहा है।'),(4598,'A. सम्बन्धबोधक शब्द'),(4599,'B. विस्मयादिबोधक शब्द'),(4600,'C. छात्र पढ़ रहा है।'),(4601,'D. छात्रा लिख रही है।'),(4602,'C. क्रियाविशेषण शब्द'),(4603,'D. समुच्चयबोधक शब्द'),(4604,'A. भविष्य'),(4605,'B. हेतुहेतुमद्भूत'),(4606,'C. वर्तमान'),(4607,'D. आसन्नभूत'),(4608,'A. ब्राह्मण'),(4609,'B. पक्षी'),(4610,'C. दांत'),(4611,'D. विदेह'),(4612,'A. शिशु'),(4613,'B. भक्ति'),(4614,'C. पुस्तक'),(4615,'D. प्राण'),(4616,'A. आय'),(4617,'B. व्यय'),(4618,'C. नहर'),(4619,'D. लहर'),(4620,'B. कवियित्री'),(4621,'C. कवयित्री'),(4622,'D. कवियत्रि'),(4623,'C. इच्छा'),(4624,'D. निराला'),(4625,'A. कवियत्री'),(4626,'A. झुरमुट'),(4627,'B. अन्त्येष्टि'),(4628,'A. वि'),(4629,'B. प्रति'),(4630,'C. नि'),(4631,'D. उ'),(4632,'A. अधि'),(4633,'C. अध'),(4634,'B. 18'),(4635,'B. अति'),(4636,'D. प्रति'),(4637,'A. 20'),(4638,'C. 17'),(4639,'D. 6'),(4640,'C. \'  \''),(4641,'A. ,'),(4642,'B. ;'),(4643,'D. \"'),(4644,'A. ,'),(4645,'B. ;'),(4646,'D. :'),(4647,'A. सत्'),(4648,'B. आ'),(4649,'C. ।'),(4650,'C. अव'),(4651,'D. अचार'),(4652,'A. स्पर्श व्यंजन'),(4653,'B. अन्तःस्थ व्यंजन'),(4654,'C. ऊष्मा व्यंजन'),(4655,'D. उपयुक्त में से कोई नहीं'),(4656,'A. ल'),(4657,'B. र'),(4658,'C. स'),(4659,'D. फ'),(4660,'A. अक्षर'),(4661,'B. व्यंजन'),(4662,'D. संवृत'),(4663,'C. स्वर'),(4664,'A. मंगलवार '),(4665,'B. शुक्रवार'),(4666,'C. शनिवार'),(4667,'D. सोमवार'),(4668,'B. JSI'),(4669,'C. JTK'),(4670,'A. ISK'),(4671,'B. 900 : 450'),(4672,'D. JTJ'),(4673,'A. 0.91875'),(4674,'C. 624 : 208'),(4675,'A. शहद'),(4676,'B. मक्खन'),(4677,'C. साबुन'),(4678,'A. (2), (1), (5), (4), (3)'),(4679,'D. 513:16:00'),(4680,'D. स्याही'),(4681,'B. (2), (1), (4), (5), (3)'),(4682,'D. (1). (2), (4), (5), (3)'),(4683,'C. (2), (5), (4). (I), (3)'),(4684,'A. 8'),(4685,'B. 16'),(4686,'C. 36'),(4687,'D. 19'),(4688,'A. मोजार्ट'),(4689,'C. सोक्रेट्स'),(4690,'B. बाख'),(4691,'D. बीथोवेन'),(4692,'A. 64'),(4693,'B. 105'),(4694,'C. 56'),(4695,'D. 120'),(4696,'A)'),(4697,'B)'),(4698,'C. '),(4699,'D.  '),(4700,'A. 10'),(4701,'B. 8'),(4702,'D. 15'),(4703,'C. 6'),(4704,'A. 4 ÷ 2 + 3 = 4'),(4705,'D. 2 + 4 ÷ 3 = 3'),(4706,'A. FICTION'),(4707,'B. ACTION'),(4708,'C. NATION'),(4709,'B. 2 + 4 ÷ 6 = 8'),(4710,'C. 4 + 2 ÷ 6 = 1.5'),(4711,'A.   '),(4712,'B. '),(4713,'D. LIAISON'),(4714,'A. + और –'),(4715,'B. + और ×'),(4716,'D. – और ×'),(4717,'A. CUDORPYTIVTI'),(4718,'C.  '),(4719,'D.  '),(4720,'C. + और ÷'),(4721,'D. CUDOPRYTIVIT'),(4722,'B. CUDORPYTIVIT'),(4723,'C. CUDOIRPTYIVIT'),(4724,'B. Opium'),(4725,'C. Outer'),(4726,'A. बचपन, शैशवावस्था, किशोरावस्था, यौवन, प्रौढ़'),(4727,'B. बचपन, शैशवावस्था, यौवन, किशोरावस्था, प्रौढ़'),(4728,'C. किशोरावस्था, बचपन, शैशवावस्था, यौवन, प्रौढ़'),(4729,'D. शैशवावस्था, बचपन, किशोरावस्था, यौवन, प्रौढ़'),(4730,'A. Opine'),(4731,'D. Odour'),(4732,'B. andaa'),(4733,'A. dbanb'),(4734,'C. dabnd'),(4735,'D. andad'),(4736,'A. पूर्व'),(4737,'B. पश्चिम'),(4738,'C. उत्तर'),(4739,'D. दक्षिण'),(4740,'A. (i) (iv) (iii) (ii)'),(4741,'B. (ii) (iii) (iv) (i)'),(4742,'C. (iv) (i) (iii) (ii)'),(4743,'D. (iii) (ii) (iv) (i)'),(4744,'A. 21'),(4745,'C. 16'),(4746,'A. 1982'),(4747,'B. 1978'),(4748,'B. 107'),(4749,'D. 45'),(4750,'C. 1704'),(4751,'D. 1945'),(4752,'A. बहन'),(4753,'B. पत्नी'),(4754,'C. माता'),(4755,'D. पुत्री'),(4756,'B. 49'),(4757,'C. 100'),(4758,'A. 25'),(4759,'D. 16'),(4760,'2 144 मी.2'),(4761,'1 76 मी.2'),(4762,'3 84 मी.2'),(4763,'4 176 मी.2'),(4764,'A. 7'),(4765,'B. 6'),(4766,'D. 5'),(4767,'C. 4'),(4768,'2 25'),(4769,'3 20'),(4770,'1 30'),(4771,'B. 2:07'),(4772,'D. 3:05'),(4773,'A. 10 सेमी.'),(4774,'4 15'),(4775,'A. 8:09'),(4776,'C. 4:01'),(4777,'B. 12 सेमी.'),(4778,'C. 14 सेमी.'),(4779,'D. 16 सेमी.'),(4780,'1 रू.4000'),(4781,'2 रू.5000'),(4782,'1 3264'),(4783,'2 3426'),(4784,'3 रू.6000'),(4785,'4 रू.8000'),(4786,'3 3624'),(4787,'4 इनमें से कोई नहीं'),(4788,'2 15%'),(4789,'4 20%'),(4790,'1 25%'),(4791,'3 10%'),(4792,'A. 11000 रु.'),(4793,'B. 12000 रु.'),(4794,'D. 14000 रु.'),(4795,'A. 30%'),(4796,'C. 13000 रु.'),(4797,'B. 40%'),(4798,'D. 60%'),(4799,'A. 10 मीटर'),(4800,'C. 50%'),(4801,'D. 30 मीटर'),(4802,'A. 4'),(4803,'B. 8'),(4804,'C. 6'),(4805,'B. 15 मीटर'),(4806,'C. 20 मीटर'),(4807,'C. 95'),(4808,'D. 2'),(4809,'A. 93'),(4810,'B. 94'),(4811,'D. 96'),(4812,'D. 70'),(4813,'A. रु.19.75'),(4814,'A. 55'),(4815,'B. 60'),(4816,'C. 65'),(4817,'A. 170'),(4818,'B. रु.20.15'),(4819,'C. रु.21.75'),(4820,'D. रु.23.25'),(4821,'B. 160'),(4822,'C. 150'),(4823,'D. 140'),(4824,'2 25.025'),(4825,'3 25.0205'),(4826,'1 25.25'),(4827,'4 25.0025'),(4828,'A. 1.68'),(4829,'B. 6.72'),(4830,'C. 2.24'),(4831,'D. 0.48'),(4832,'A. 2 घंटा 20 मिनट'),(4833,'B. 2 घंटा'),(4834,'C. 2 घंटा 15 मिनट'),(4835,'D. 2 घंटा 30 मिनट'),(4836,'A. 16 वर्ष से कम'),(4837,'B. 16 वर्ष'),(4838,'A. 10 लीटर'),(4839,'B. 12 लीटर'),(4840,'C. 16 वर्ष से अधिक और 20 वर्ष से कम'),(4841,'D. 20 वर्ष'),(4842,'A. 220'),(4843,'B. 180'),(4844,'C. 144'),(4845,'C. 20 लीटर'),(4846,'D. 30 लीटर'),(4847,'D. 200'),(4848,'C. 33 + 32 + 3 + 3'),(4849,'A. 33 + 33 + 3 + 3'),(4850,'B. 32 + 32 + 32 + 3'),(4851,'D. 33 + 3 + 3'),(4852,'B. 500'),(4853,'C. 450'),(4854,'A. 33, 42'),(4855,'A. 400'),(4856,'D. 60'),(4857,'B. 53, 62'),(4858,'C. 60, 69'),(4859,'D. 70, 79'),(4860,'A. 2.5 किमी'),(4861,'B. 3.5 किमी'),(4862,'D. 5.5 किमी'),(4863,'C. आर्थिक असमानता एवं अज्ञान'),(4864,'C. 4.5 किमी'),(4865,'A. आर्थिक असमानता'),(4866,'B. आर्थिक असमानता एवं ऐतिहासिक कारण'),(4867,'D. आर्थिक असमानता, एतिहासिक कारण एवं दुष्प्रचार'),(4868,'B. रिकवरी (पुनः प्राप्ति)'),(4869,'C. पुरस्कार देना'),(4870,'A. भू-राजस्व'),(4871,'B. मूल्य नियंत्रण'),(4872,'C. प्रति व्यक्ति कर'),(4873,'D. आजीविकाओं पर कर'),(4874,'A. ड्यूटी पर बने रहेंगे।'),(4875,'A. दण्ड'),(4876,'D. मूल्यांकन करना'),(4877,'B. दूसरे पुलिस कर्मी के आने पर चले जायेंगे'),(4878,'B. कटु व्यवहार'),(4879,'C. उचित व्यवहार'),(4880,'D. उपरोक्त में कोई भी नहीं'),(4881,'A. सहयोगियों के समक्ष अपना तर्क रखकर'),(4882,'B. अपने अधिकारी से शिकायत करके'),(4883,'C. वरिष्ठ अधिकारी से इसकी शिकायत करेंगे।'),(4884,'D. डयूटी वाले पुलिस कर्मी को ढूंढना शुरू कर देंगे'),(4885,'A. अच्छा व्यवहार'),(4886,'C. मतभेदों का कारण जानने की कोशिश करके आपसी वार्तालाप से उनको दूर करेंगे।'),(4887,'D. उसका मजाक उड़ाकर'),(4888,'B. उससे मुँह छुपाते हैं।'),(4889,'A. उसे रोकने का प्रयास करेंगे'),(4890,'B. कुछ नहीं करेंगे'),(4891,'C. सबूत के साथ उच्चाधिकारी को इसकी सूचना देंगे'),(4892,'D. इनमें से कोई नहीं'),(4893,'A. उसका बदला चुकाते हैं'),(4894,'C. उसका शुक्रिया अदा करते हैं।'),(4895,'D. उसे सहायता के बदले पैसा देते हैं।'),(4896,'A. भाग्य का अनुकूल होना'),(4897,'B. अवसर प्राप्त करने की क्षमता का होना'),(4898,'C. प्रतिकूल परिस्थितियों में भी अपने आपको ढाल लेना और परिश्रम से न भागना'),(4899,'D. उपरोक्त सभी'),(4900,'A. मेहनत एवं आत्मविश्वास से'),(4901,'D. दूसरों की सहायता से'),(4902,'A. मिलनसार के रूप में'),(4903,'B. सिफाारिश से'),(4904,'C. अच्छे स्वास्थ्य से'),(4905,'B. सुधारक से'),(4906,'C. आलोचक के रूप में'),(4907,'D. सामान्य रूप में'),(4908,'A. आप और आपका भाई एक-दूसरे की परीक्षा में मदद करेंगे'),(4909,'B. परीक्षा एवं शारीरिक योग्यता हेतु साथ-साथ तैयारी करेंगे'),(4910,'C. शिकायत के डर से अलग-अलग जिलों में फॉर्म भरेंगे'),(4911,'D. उपर्युक्त में से कोई नहीं'),(4912,'A. उस माहौल से स्वयं को अलग कर लेना'),(4913,'D. सभ को अपने विश्वास में लेकर सुधारात्मक प्रक्रिया प्रारम्भ करना'),(4914,'B. खराब माहौल देश की प्रगति में बाधक होता है।'),(4915,'C. उस माहौल में रहकर ही सुधार संभव है'),(4916,'B. जिम्मेदारी है।'),(4917,'C. एक सामाजिक बंधन है।'),(4918,'D. कुछ प्रभावशाली लोगों का नियंत्रण बनाये रखने का तरीका है।'),(4919,'A. मजबूरी है।'),(4920,'B. ताप्ती'),(4921,'A. घाघरा'),(4922,'B. 24 घण्टा'),(4923,'A. आर्टिकल-13'),(4924,'B. आर्टिकल-14'),(4925,'C. मांडवी'),(4926,'D. रावी'),(4927,'A. 12 घण्टा'),(4928,'C. 48 घण्टा'),(4929,'D. 72 घण्टा'),(4930,'D. आर्टिकल-16'),(4931,'C. आर्टिकल-15'),(4932,'A. जनता की सुरक्षा'),(4933,'B. समाज कल्याण'),(4934,'B. उच्च न्यायालय में'),(4935,'C. जिला एवं सत्र न्यायालय में'),(4936,'C. अपने परिवार की सुरक्षा'),(4937,'D. उपरोक्त में से कोई नहीं'),(4938,'A. उच्चतम न्यायालय में'),(4939,'D. ग्राम न्यायालय में'),(4940,'A. सामाजिक आवश्यकताओं की पूर्ति में सक्षम होना'),(4941,'B. व्यक्ति के जीवन उद्देश्य तथा सामाजिक मान्यताओं के बीच संतुलन'),(4942,'C. उत्तम सामाजिक समायोजन'),(4943,'D. सबको भाने वाला सामाजिक व्यवहार'),(4944,'A. 3'),(4945,'B. 8'),(4946,'C. 22'),(4947,'D. 25'),(4948,'A. 30'),(4949,'B. 29'),(4950,'C. 25'),(4951,'A. CWS'),(4952,'B. SWC'),(4953,'C. SCW'),(4954,'D. SBW'),(4955,'A. छिपाना'),(4956,'D. 22'),(4957,'C. ढकना'),(4958,'D. गुप्त रखना'),(4959,'A. 4'),(4960,'B. प्रकट करना'),(4961,'B. 3'),(4962,'D. 1'),(4963,'B. 12'),(4964,'C. 2'),(4965,'A. 10'),(4966,'C. 15'),(4967,'D. 14'),(4968,'A. 4'),(4969,'C. 2'),(4970,'B. 3'),(4971,'A. 36'),(4972,'B. 54'),(4973,'C. 42'),(4974,'D. 1'),(4975,'D. 64'),(4976,'A. 48'),(4977,'B. 54'),(4978,'C. 42'),(4979,'D. 64'),(4980,'A. CHANGE'),(4981,'A. B'),(4982,'B. MESH'),(4983,'C. DICE'),(4984,'D. CHARM'),(4985,'A. ज्या '),(4986,'B. C'),(4987,'C. A'),(4988,'D. D'),(4989,'B. ऊँचाई'),(4990,'C. गणित '),(4991,'D. त्रिकोण'),(4992,'A. 11'),(4993,'B. 7'),(4994,'C. 10'),(4995,'B. 20'),(4996,'C. 21'),(4997,'D. 22'),(4998,'A. 28'),(4999,'A. DETERMINE'),(5000,'B. RETINUE'),(5001,'D. 26'),(5002,'C. REMINDER'),(5003,'D. RETINA'),(5004,'A. ब्रदर इन्लॉ'),(5005,'B. चूजा'),(5006,'B. पुत्र'),(5007,'C. भाई                   '),(5008,'D. भांजा'),(5009,'A. शावक                  '),(5010,'C. सुअर                             '),(5011,'D. पिल्ला'),(5012,'A. पोलो '),(5013,'B. शतरंज'),(5014,'D. स्कवैश'),(5015,'A. 1995'),(5016,'B. 1998'),(5017,'C. 1991'),(5018,'C. लूडो '),(5019,'D. 1996'),(5020,'A. (a)'),(5021,'B. (b)'),(5022,'C. (c)'),(5023,'D. (d)'),(5024,'A. (a)'),(5025,'B. (b)'),(5026,'C. (c)'),(5027,'D. (d)'),(5028,'A. 134'),(5029,'B. 142'),(5030,'C. 6'),(5031,'A. 35'),(5032,'B. 47'),(5033,'C. 39'),(5034,'D. 45'),(5035,'D. 2'),(5036,'B. जेलर, प्रौढ़ता'),(5037,'A. जेलर, अजायबघर'),(5038,'C. कोशिका, इलाज'),(5039,'D. अपराधी, जिज्ञासा'),(5040,'B. g 48 X'),(5041,'C. g 48 V'),(5042,'A. f 46 X'),(5043,'A. 30'),(5044,'B. 36'),(5045,'C. 39'),(5046,'D. 49'),(5047,'D. f 48 X'),(5048,'A. 36568'),(5049,'B. 65368'),(5050,'C. 63568'),(5051,'D. 63569'),(5052,'A. TRIPURA'),(5053,'B. IMPHAL'),(5054,'A. 20 किमी'),(5055,'C. BANARAS'),(5056,'D. AMRITSAR'),(5057,'B. 30 किमी'),(5058,'C. 25 किमी'),(5059,'D. 35 किमी'),(5060,'A. भारत '),(5061,'B. जापान'),(5062,'C. पाकिस्तान'),(5063,'D. अफ्रीका');

/*Table structure for table `answer_sheet` */

DROP TABLE IF EXISTS `answer_sheet`;

CREATE TABLE `answer_sheet` (
  `id` bigint(20) NOT NULL AUTO_INCREMENT,
  `student_id` bigint(20) DEFAULT NULL,
  `question_id` bigint(20) DEFAULT NULL,
  `answer_id` bigint(20) DEFAULT NULL,
  `is_for_review` tinyint(1) DEFAULT NULL,
  `is_question_answered` tinyint(1) DEFAULT NULL,
  `is_for_report_issue` tinyint(1) DEFAULT NULL,
  `issue_reported` text,
  `answer_subjective` text,
  `answered_datetime` datetime DEFAULT NULL,
  `total_time_elapsed_minute` int(11) DEFAULT NULL,
  PRIMARY KEY (`id`),
  KEY `student_id` (`student_id`),
  KEY `question_id` (`question_id`),
  KEY `answer_id` (`answer_id`),
  CONSTRAINT `answer_sheet_ibfk_1` FOREIGN KEY (`student_id`) REFERENCES `student` (`id`),
  CONSTRAINT `answer_sheet_ibfk_2` FOREIGN KEY (`question_id`) REFERENCES `question` (`id`),
  CONSTRAINT `answer_sheet_ibfk_3` FOREIGN KEY (`answer_id`) REFERENCES `answer` (`id`)
) ENGINE=InnoDB AUTO_INCREMENT=70 DEFAULT CHARSET=utf8;

/*Data for the table `answer_sheet` */

insert  into `answer_sheet`(`id`,`student_id`,`question_id`,`answer_id`,`is_for_review`,`is_question_answered`,`is_for_report_issue`,`issue_reported`,`answer_subjective`,`answered_datetime`,`total_time_elapsed_minute`) values (48,4,410,1785,1,1,NULL,NULL,NULL,NULL,NULL),(49,4,411,1789,1,1,NULL,NULL,NULL,NULL,NULL),(50,4,412,1795,NULL,1,NULL,NULL,NULL,NULL,NULL),(51,4,413,1799,NULL,1,NULL,NULL,NULL,NULL,NULL),(52,4,415,1801,1,1,NULL,NULL,NULL,NULL,NULL),(53,4,414,1804,NULL,1,NULL,NULL,NULL,NULL,NULL),(54,4,416,1811,NULL,1,NULL,NULL,NULL,NULL,NULL),(55,4,417,1815,NULL,1,NULL,NULL,NULL,NULL,NULL),(56,4,418,1808,NULL,1,NULL,NULL,NULL,NULL,NULL),(57,4,421,1818,NULL,1,NULL,NULL,NULL,NULL,NULL),(58,4,419,1824,NULL,1,NULL,NULL,NULL,NULL,NULL),(59,4,420,1833,NULL,1,NULL,NULL,NULL,NULL,NULL),(60,4,422,1835,0,1,NULL,NULL,NULL,NULL,NULL),(61,4,423,1831,0,1,NULL,NULL,NULL,NULL,NULL),(62,4,424,1839,NULL,1,NULL,NULL,NULL,NULL,NULL),(63,4,425,1848,NULL,1,NULL,NULL,NULL,NULL,NULL),(64,4,426,1853,NULL,1,NULL,NULL,NULL,NULL,NULL),(65,4,427,1856,NULL,1,NULL,NULL,NULL,NULL,NULL),(66,4,428,1855,NULL,1,NULL,NULL,NULL,NULL,NULL),(67,4,429,1861,NULL,1,NULL,NULL,NULL,NULL,NULL),(68,4,430,1869,NULL,1,NULL,NULL,NULL,NULL,NULL),(69,4,431,1871,NULL,1,NULL,NULL,NULL,NULL,NULL);

/*Table structure for table `batch` */

DROP TABLE IF EXISTS `batch`;

CREATE TABLE `batch` (
  `id` bigint(20) NOT NULL AUTO_INCREMENT,
  `batch_name` varchar(500) NOT NULL,
  `batch_start_date` datetime DEFAULT NULL,
  `batch_end_date` datetime DEFAULT NULL,
  PRIMARY KEY (`id`)
) ENGINE=InnoDB AUTO_INCREMENT=7 DEFAULT CHARSET=utf8;

/*Data for the table `batch` */

insert  into `batch`(`id`,`batch_name`,`batch_start_date`,`batch_end_date`) values (1,'UPSC2018','2018-01-01 00:00:00','2018-12-31 00:00:00'),(2,'UPSC2018A','2018-01-11 00:00:00','2019-01-22 00:00:00'),(3,'UPSC2019','2019-01-11 00:00:00','2019-02-22 00:00:00'),(4,'UPSC2017','2017-01-11 00:00:00','2017-02-22 00:00:00'),(5,'BATCH Test 1','2018-05-02 00:00:00','2025-05-03 00:00:00'),(6,'ppppppp','2018-05-01 00:00:00','2018-05-30 00:00:00');

/*Table structure for table `exam_status` */

DROP TABLE IF EXISTS `exam_status`;

CREATE TABLE `exam_status` (
  `id` bigint(20) NOT NULL,
  `status_name` varchar(30) NOT NULL,
  PRIMARY KEY (`id`)
) ENGINE=InnoDB DEFAULT CHARSET=utf8;

/*Data for the table `exam_status` */

insert  into `exam_status`(`id`,`status_name`) values (0,'Not Registered'),(1,'Registered'),(2,'Ongoing'),(3,'Completed');

/*Table structure for table `login_history` */

DROP TABLE IF EXISTS `login_history`;

CREATE TABLE `login_history` (
  `id` bigint(20) NOT NULL AUTO_INCREMENT,
  `user_id` bigint(11) DEFAULT NULL,
  `login_date_time` datetime NOT NULL,
  `is_success` tinyint(1) NOT NULL,
  `email` varchar(100) DEFAULT NULL,
  PRIMARY KEY (`id`),
  KEY `user_id` (`user_id`),
  CONSTRAINT `login_history_ibfk_1` FOREIGN KEY (`user_id`) REFERENCES `user` (`id`)
) ENGINE=InnoDB AUTO_INCREMENT=179 DEFAULT CHARSET=utf8;

/*Data for the table `login_history` */

insert  into `login_history`(`id`,`user_id`,`login_date_time`,`is_success`,`email`) values (6,1,'2018-03-25 23:09:08',1,'prashant19sep@gmail.com'),(7,NULL,'2018-03-25 23:09:42',0,'prashant19sep123123@gmail.com'),(8,1,'2018-03-26 01:10:08',1,'prashant19sep@gmail.com'),(9,1,'2018-04-02 17:25:27',1,'prashant19sep@gmail.com'),(10,1,'2018-04-03 23:30:25',1,'prashant19sep@gmail.com'),(11,1,'2018-04-05 06:47:35',1,'prashant19sep@gmail.com'),(12,1,'2018-04-05 07:06:57',1,'prashant19sep@gmail.com'),(13,1,'2018-04-05 07:53:19',1,'prashant19sep@gmail.com'),(14,1,'2018-04-05 08:10:45',1,'prashant19sep@gmail.com'),(15,1,'2018-04-05 13:50:33',1,'prashant19sep@gmail.com'),(16,1,'2018-04-05 14:06:16',1,'prashant19sep@gmail.com'),(17,1,'2018-04-05 14:34:43',1,'prashant19sep@gmail.com'),(18,1,'2018-04-05 14:52:52',1,'prashant19sep@gmail.com'),(19,1,'2018-04-05 15:08:20',1,'prashant19sep@gmail.com'),(20,1,'2018-04-05 15:26:27',1,'prashant19sep@gmail.com'),(21,1,'2018-04-05 17:49:33',1,'prashant19sep@gmail.com'),(22,1,'2018-04-05 18:37:15',1,'prashant19sep@gmail.com'),(23,1,'2018-04-05 19:18:42',1,'prashant19sep@gmail.com'),(24,1,'2018-04-05 19:54:18',1,'prashant19sep@gmail.com'),(25,1,'2018-04-05 23:52:56',1,'prashant19sep@gmail.com'),(26,1,'2018-04-06 00:24:34',1,'prashant19sep@gmail.com'),(27,1,'2018-04-06 00:43:56',1,'prashant19sep@gmail.com'),(28,1,'2018-04-06 01:01:30',1,'prashant19sep@gmail.com'),(29,1,'2018-04-06 01:22:07',1,'prashant19sep@gmail.com'),(30,1,'2018-04-06 10:32:27',1,'prashant19sep@gmail.com'),(31,1,'2018-04-06 18:02:08',1,'prashant19sep@gmail.com'),(32,1,'2018-04-06 21:07:10',1,'prashant19sep@gmail.com'),(33,1,'2018-04-06 21:23:58',1,'prashant19sep@gmail.com'),(34,1,'2018-04-07 08:15:05',1,'prashant19sep@gmail.com'),(35,1,'2018-04-07 08:38:28',1,'prashant19sep@gmail.com'),(36,1,'2018-04-07 08:56:42',1,'prashant19sep@gmail.com'),(37,1,'2018-04-07 09:24:12',1,'prashant19sep@gmail.com'),(38,1,'2018-04-07 09:43:49',1,'prashant19sep@gmail.com'),(39,1,'2018-04-07 11:05:02',1,'prashant19sep@gmail.com'),(40,1,'2018-04-07 11:21:13',1,'prashant19sep@gmail.com'),(41,1,'2018-04-07 11:39:58',1,'prashant19sep@gmail.com'),(42,1,'2018-04-07 11:58:52',1,'prashant19sep@gmail.com'),(43,1,'2018-04-07 13:00:25',1,'prashant19sep@gmail.com'),(44,1,'2018-04-07 13:40:12',1,'prashant19sep@gmail.com'),(45,1,'2018-04-07 13:59:59',1,'prashant19sep@gmail.com'),(46,1,'2018-04-07 15:10:23',1,'prashant19sep@gmail.com'),(47,1,'2018-04-07 15:25:26',1,'prashant19sep@gmail.com'),(48,1,'2018-04-07 15:40:27',1,'prashant19sep@gmail.com'),(49,1,'2018-04-07 16:44:28',1,'prashant19sep@gmail.com'),(50,1,'2018-04-07 17:00:54',1,'prashant19sep@gmail.com'),(51,1,'2018-04-07 18:22:06',1,'prashant19sep@gmail.com'),(52,1,'2018-04-07 18:41:16',1,'prashant19sep@gmail.com'),(53,1,'2018-04-07 18:58:59',1,'prashant19sep@gmail.com'),(54,1,'2018-04-07 20:08:30',1,'prashant19sep@gmail.com'),(55,1,'2018-04-08 22:10:52',1,'prashant19sep@gmail.com'),(56,1,'2018-04-08 22:26:49',1,'prashant19sep@gmail.com'),(57,1,'2018-04-08 22:50:11',1,'prashant19sep@gmail.com'),(58,1,'2018-04-08 23:07:10',1,'prashant19sep@gmail.com'),(59,1,'2018-04-08 23:09:54',1,'prashant19sep@gmail.com'),(60,1,'2018-04-08 23:34:10',1,'prashant19sep@gmail.com'),(61,1,'2018-04-08 23:50:39',1,'prashant19sep@gmail.com'),(62,1,'2018-04-09 00:06:32',1,'prashant19sep@gmail.com'),(63,1,'2018-04-09 00:22:48',1,'prashant19sep@gmail.com'),(64,1,'2018-04-09 00:38:59',1,'prashant19sep@gmail.com'),(65,1,'2018-04-09 00:55:06',1,'prashant19sep@gmail.com'),(66,1,'2018-04-09 01:37:50',1,'prashant19sep@gmail.com'),(67,1,'2018-04-09 02:03:33',1,'prashant19sep@gmail.com'),(68,1,'2018-04-09 02:41:47',1,'prashant19sep@gmail.com'),(69,1,'2018-04-09 03:00:43',1,'prashant19sep@gmail.com'),(70,1,'2018-04-09 03:18:24',1,'prashant19sep@gmail.com'),(71,1,'2018-04-22 08:50:06',1,'prashant19sep@gmail.com'),(72,1,'2018-04-22 10:13:42',1,'prashant19sep@gmail.com'),(73,1,'2018-04-22 12:26:46',1,'prashant19sep@gmail.com'),(74,1,'2018-04-22 13:01:08',1,'prashant19sep@gmail.com'),(75,1,'2018-04-22 17:55:16',1,'prashant19sep@gmail.com'),(76,1,'2018-04-22 18:08:30',1,'prashant19sep@gmail.com'),(77,1,'2018-04-22 18:10:28',1,'prashant19sep@gmail.com'),(78,1,'2018-04-22 18:14:48',1,'prashant19sep@gmail.com'),(79,1,'2018-04-22 18:16:48',1,'prashant19sep@gmail.com'),(80,1,'2018-04-22 18:17:55',1,'prashant19sep@gmail.com'),(81,1,'2018-04-22 18:25:48',1,'prashant19sep@gmail.com'),(82,1,'2018-04-22 18:42:24',1,'prashant19sep@gmail.com'),(83,NULL,'2018-04-22 18:42:50',0,'patelneha23@gmail.com'),(84,2,'2018-04-22 18:42:53',1,'patelneha23@gmail.com'),(85,1,'2018-04-22 18:43:33',1,'prashant19sep@gmail.com'),(86,1,'2018-04-22 19:29:10',1,'prashant19sep@gmail.com'),(87,1,'2018-04-22 19:58:20',1,'prashant19sep@gmail.com'),(88,1,'2018-04-23 03:01:52',1,'prashant19sep@gmail.com'),(89,1,'2018-04-27 18:42:41',1,'prashant19sep@gmail.com'),(90,1,'2018-04-28 19:00:29',1,'prashant19sep@gmail.com'),(91,1,'2018-04-28 19:41:30',1,'prashant19sep@gmail.com'),(92,1,'2018-04-28 20:00:38',1,'prashant19sep@gmail.com'),(93,1,'2018-04-28 20:16:38',1,'prashant19sep@gmail.com'),(94,1,'2018-04-28 20:31:49',1,'prashant19sep@gmail.com'),(95,1,'2018-04-29 12:58:35',1,'prashant19sep@gmail.com'),(96,1,'2018-04-29 13:17:33',1,'prashant19sep@gmail.com'),(97,1,'2018-04-29 14:39:47',1,'prashant19sep@gmail.com'),(98,1,'2018-04-29 15:04:47',1,'prashant19sep@gmail.com'),(99,1,'2018-04-29 15:33:00',1,'prashant19sep@gmail.com'),(100,1,'2018-04-29 17:12:19',1,'prashant19sep@gmail.com'),(101,1,'2018-04-29 17:34:35',1,'prashant19sep@gmail.com'),(102,1,'2018-04-29 19:26:37',1,'prashant19sep@gmail.com'),(103,1,'2018-04-29 19:44:25',1,'prashant19sep@gmail.com'),(104,1,'2018-04-29 20:15:36',1,'prashant19sep@gmail.com'),(105,1,'2018-04-29 20:38:17',1,'prashant19sep@gmail.com'),(106,1,'2018-04-29 22:38:45',1,'prashant19sep@gmail.com'),(107,1,'2018-04-29 23:06:14',1,'prashant19sep@gmail.com'),(108,1,'2018-04-29 23:24:25',1,'prashant19sep@gmail.com'),(109,1,'2018-04-30 19:09:12',1,'prashant19sep@gmail.com'),(110,1,'2018-04-30 19:30:27',1,'prashant19sep@gmail.com'),(111,1,'2018-04-30 19:53:08',1,'prashant19sep@gmail.com'),(112,1,'2018-04-30 20:12:38',1,'prashant19sep@gmail.com'),(113,1,'2018-04-30 23:41:56',1,'prashant19sep@gmail.com'),(114,1,'2018-05-01 00:01:01',1,'prashant19sep@gmail.com'),(115,1,'2018-05-01 00:50:27',1,'prashant19sep@gmail.com'),(116,1,'2018-05-01 01:16:38',1,'prashant19sep@gmail.com'),(117,1,'2018-05-01 01:33:44',1,'prashant19sep@gmail.com'),(118,2,'2018-05-01 01:35:02',1,'patelneha23@gmail.com'),(119,1,'2018-05-01 02:07:24',1,'prashant19sep@gmail.com'),(120,2,'2018-05-01 02:07:43',1,'patelneha23@gmail.com'),(121,2,'2018-05-01 02:58:10',1,'patelneha23@gmail.com'),(122,1,'2018-05-01 11:36:08',1,'prashant19sep@gmail.com'),(123,1,'2018-05-01 14:18:15',1,'prashant19sep@gmail.com'),(124,2,'2018-05-01 14:22:27',1,'patelneha23@gmail.com'),(125,1,'2018-05-01 14:59:32',1,'prashant19sep@gmail.com'),(126,1,'2018-05-01 15:28:50',1,'prashant19sep@gmail.com'),(127,1,'2018-05-01 15:34:28',1,'prashant19sep@gmail.com'),(128,1,'2018-05-01 15:49:24',1,'prashant19sep@gmail.com'),(129,1,'2018-05-01 16:20:08',1,'prashant19sep@gmail.com'),(130,1,'2018-05-01 17:19:56',1,'prashant19sep@gmail.com'),(131,1,'2018-05-01 17:46:23',1,'prashant19sep@gmail.com'),(132,1,'2018-05-01 18:03:28',1,'prashant19sep@gmail.com'),(133,1,'2018-05-01 18:03:28',1,'prashant19sep@gmail.com'),(134,1,'2018-05-01 18:06:52',1,'prashant19sep@gmail.com'),(135,1,'2018-05-01 18:07:38',1,'prashant19sep@gmail.com'),(136,1,'2018-05-02 20:56:37',1,'prashant19sep@gmail.com'),(137,1,'2018-05-26 23:37:20',1,'prashant19sep@gmail.com'),(138,1,'2018-05-28 14:02:38',1,'prashant19sep@gmail.com'),(139,1,'2018-05-28 14:36:39',1,'prashant19sep@gmail.com'),(140,1,'2018-05-28 14:56:43',1,'prashant19sep@gmail.com'),(141,1,'2018-06-04 23:45:27',1,'prashant19sep@gmail.com'),(142,1,'2018-06-05 00:01:40',1,'prashant19sep@gmail.com'),(143,1,'2018-06-05 00:25:22',1,'prashant19sep@gmail.com'),(144,1,'2018-06-05 00:40:33',1,'prashant19sep@gmail.com'),(145,1,'2018-06-05 00:55:54',1,'prashant19sep@gmail.com'),(146,1,'2018-06-05 01:13:09',1,'prashant19sep@gmail.com'),(147,1,'2018-06-25 14:16:09',1,'prashant19sep@gmail.com'),(148,1,'2018-06-26 15:30:04',1,'prashant19sep@gmail.com'),(149,1,'2018-06-26 16:33:28',1,'prashant19sep@gmail.com'),(150,1,'2018-06-26 16:49:22',1,'prashant19sep@gmail.com'),(151,1,'2018-07-21 11:07:20',1,'prashant19sep@gmail.com'),(152,1,'2018-09-28 02:32:32',1,'prashant19sep@gmail.com'),(153,1,'2018-09-28 02:33:41',1,'prashant19sep@gmail.com'),(154,1,'2018-09-28 02:43:08',1,'prashant19sep@gmail.com'),(155,1,'2018-09-28 03:07:15',1,'prashant19sep@gmail.com'),(156,1,'2018-09-28 03:22:51',1,'prashant19sep@gmail.com'),(157,1,'2018-09-28 03:51:32',1,'prashant19sep@gmail.com'),(158,1,'2018-09-28 04:16:43',1,'prashant19sep@gmail.com'),(159,1,'2018-09-28 04:33:44',1,'prashant19sep@gmail.com'),(160,1,'2018-09-28 04:55:06',1,'prashant19sep@gmail.com'),(161,1,'2018-09-28 05:02:25',1,'prashant19sep@gmail.com'),(162,1,'2018-10-02 16:06:00',1,'prashant19sep@gmail.com'),(163,1,'2018-10-02 16:07:42',1,'prashant19sep@gmail.com'),(164,1,'2018-10-02 16:08:31',1,'prashant19sep@gmail.com'),(165,1,'2018-11-09 21:39:59',1,'prashant19sep@gmail.com'),(166,1,'2018-11-09 21:58:14',1,'prashant19sep@gmail.com'),(167,1,'2018-11-09 22:14:58',1,'prashant19sep@gmail.com'),(168,1,'2018-11-09 22:19:39',1,'prashant19sep@gmail.com'),(169,1,'2018-11-09 22:36:23',1,'prashant19sep@gmail.com'),(170,1,'2018-11-09 22:36:44',1,'prashant19sep@gmail.com'),(171,1,'2018-11-09 23:01:08',1,'prashant19sep@gmail.com'),(172,1,'2018-11-10 02:40:31',1,'prashant19sep@gmail.com'),(173,1,'2018-12-01 11:55:52',1,'prashant19sep@gmail.com'),(174,1,'2018-12-01 14:19:39',1,'prashant19sep@gmail.com'),(175,1,'2018-12-01 15:00:05',1,'prashant19sep@gmail.com'),(176,1,'2018-12-01 15:19:43',1,'prashant19sep@gmail.com'),(177,1,'2018-12-01 15:25:37',1,'prashant19sep@gmail.com'),(178,1,'2018-12-03 22:52:49',1,'prashant19sep@gmail.com');

/*Table structure for table `question` */

DROP TABLE IF EXISTS `question`;

CREATE TABLE `question` (
  `id` bigint(20) NOT NULL AUTO_INCREMENT,
  `question_type_id` bigint(20) DEFAULT NULL,
  `question_category_id` bigint(20) DEFAULT NULL,
  `question_para1` text,
  `question_para2` text,
  `answer_ids` text,
  `right_answer_ids` text,
  `answer_text` text,
  PRIMARY KEY (`id`),
  KEY `question_type_id` (`question_type_id`),
  KEY `question_category_id` (`question_category_id`),
  CONSTRAINT `question_ibfk_3` FOREIGN KEY (`question_type_id`) REFERENCES `question_types` (`id`),
  CONSTRAINT `question_ibfk_4` FOREIGN KEY (`question_category_id`) REFERENCES `question_category` (`id`)
) ENGINE=InnoDB AUTO_INCREMENT=630 DEFAULT CHARSET=utf8;

/*Data for the table `question` */

insert  into `question`(`id`,`question_type_id`,`question_category_id`,`question_para1`,`question_para2`,`answer_ids`,`right_answer_ids`,`answer_text`) values (366,1,1,'(2) दिये गये विकल्पों में से संबंधित शब्द/अक्षरों/संख्या को चुनिए।','EGIK : FHJL : : MOQS : ?',',1608,1609,1610,1614','1609',NULL),(367,1,1,'(5) दिये गये विकल्पों में से विषम शब्द/अक्षरों/संख्या को चुनिए।',NULL,',1623,1625,1626,1627','1626',NULL),(368,1,1,'(1)दिये गये विकल्पों में से संबंधित शब्द/अक्षरों/संख्या को चुनिए।','साईकोलॉजी : मानव : : ओर्निथोलॉजी :',',1622,1616,1612,1613','1622',NULL),(369,1,2,'(6) माउंट आबू स्थित मशहूर दिलवाड़ा मंदिर निम्नलिखित में से किस समुदाय का पवित्र तीर्थस्थल है?',NULL,',1628,1629,1630,1631','1630',NULL),(370,1,2,'(9) निम्नलिखित में से किसे गांधीजी अपना राजनैतिक गुरु मानते थे?(',NULL,',1639,1640,1641,1642','1641',NULL),(371,1,1,'(4) दिये गये विकल्पों में से विषम शब्द/अक्षरों/संख्या को चुनिए।','(A)  शाक(B)  फूल(C)  पेड़(D)  झाड़ी',',1620,1621,1618,1624','1618',NULL),(372,1,3,'(11) (251 + 252 + 253 + 254 + 255) निम्नलिखित में से किससे विभाज्य है?',NULL,',1648,1653,1649,1650','1649',NULL),(373,1,2,'(10) निम्नलिखित में से कौन-सा संविधान संशोधन अधिनियम प्रारंभिक शिक्षा के मूल अधिकार के रूप में होने से संबंधित है?',NULL,',1643,1646,1645,1647','1645',NULL),(374,1,1,'(3) दिये गये विकल्पों में से संबंधित शब्द/अक्षरों/संख्या को चुनिए।','147 : 741 : : 869 : ?',',1611,1615,1619,1617','1619',NULL),(375,1,3,'(13) 12 संख्याओं का औसत 9 है। यदि प्रत्येक संख्या को 2 से गुणा किया जाए और 3 जोड़ा जाए, तो संख्याओं के नए सेट का औसत क्या होगा?',NULL,',1656,1657,1658,1662','1658',NULL),(376,1,2,'(8)  तालीकोटा के युद्ध के समय विजयनगर साम्राज्य में कौन- से राजवंश का राज था?',NULL,',1637,1635,1636,1638','1636',NULL),(377,1,2,'7) पोलो या चौगान खेलते समय निम्नलिखित में से किस सुल्तान की मृत्यु हुई?',NULL,',1632,1633,1634,1644','1634',NULL),(378,1,3,'(12) किसी वस्तु को 69 रु. में बेचने के बजाय 78 रुपये में बेचने से लाभ का प्रतिशत दोगुना होता है। उस वस्तु का क्रय मूल्य क्या होगा?',NULL,',1654,1655,1651,1652','1651',NULL),(379,1,3,'(14) एक कक्षा में 30 लड़कों की औसत आयु 10 वर्ष है। यदि उनके शिक्षक की आयु भी मिला ली जाए, तो औसत एक वर्ष बढ़ जाएगा। शिक्षक की आयु कितनी है?',NULL,',1659,1660,1661,1663','1661',NULL),(380,1,3,'(15) यदि 177 को 1/2 : 2/3 : 4/5 को अनुपात में तीन भागों में विभक्त किया जाए, तो बताएं दूसरा भाग क्या होगा?',NULL,',1664,1671,1665,1666','1665',NULL),(381,1,4,'(16) Directions : In the following questions, out of the four alternatives, choose the word which best expresses the meaning of the given word and click the button corresponding to it.',NULL,',1670,1667,1668,1669','1668',NULL),(382,1,4,'Devastation',NULL,',1672,1673,1674,1676','1674',NULL),(383,1,4,'(17) Directions : In the following questions, out of the four alternatives, choose the word which is opposite in meaning to the given word and click the button corresponding to it.',NULL,',1677,1675,1678,1679','1678',NULL),(384,1,4,' Soothe',NULL,',1680,1681,1682,1683','1682',NULL),(385,1,4,'(18) Directions : Four words are given, out of which only one word is spelt correctly. Choose the correctly spelt word and click the button corresponding to it.',NULL,',1684,1689,1685,1686','1685',NULL),(386,1,4,'(19) Directions : In the following questions, one part of the sentence may have an error. Find out which part of the sentence has an error and click the button corresponding to it. If the sentence is free from error, click the \"No error\" option.',NULL,',1687,1688,1692,1693','1692',NULL),(387,1,4,'20) Directions : In the following questions, one part of the sentence may have an error. Find out which part of the sentence has an error and click the button corresponding to it. If the sentence is free from error, click the \"No error\" option.',NULL,',1690,1691,1695,1694','1695',NULL),(388,1,1,'(2) दिये गये विकल्पों में से संबंधित शब्द/अक्षरों/संख्या को चुनिए।','EGIK : FHJL : : MOQS : ?',',1703,1700,1704,1699','1700',NULL),(389,1,1,'(1)दिये गये विकल्पों में से संबंधित शब्द/अक्षरों/संख्या को चुनिए।','साईकोलॉजी : मानव : : ओर्निथोलॉजी :',',1702,1701,1705,1696','1702',NULL),(390,1,1,'(3) दिये गये विकल्पों में से संबंधित शब्द/अक्षरों/संख्या को चुनिए।','147 : 741 : : 869 : ?',',1698,1697,1708,1706','1708',NULL),(391,1,1,'(5) दिये गये विकल्पों में से विषम शब्द/अक्षरों/संख्या को चुनिए।',NULL,',1710,1711,1712,1713','1712',NULL),(392,1,1,'(4) दिये गये विकल्पों में से विषम शब्द/अक्षरों/संख्या को चुनिए।','(A)  शाक(B)  फूल(C)  पेड़(D)  झाड़ी',',1707,1714,1709,1715','1709',NULL),(393,1,2,'(10) निम्नलिखित में से कौन-सा संविधान संशोधन अधिनियम प्रारंभिक शिक्षा के मूल अधिकार के रूप में होने से संबंधित है?',NULL,',1731,1732,1733,1734','1733',NULL),(394,1,2,'(9) निम्नलिखित में से किसे गांधीजी अपना राजनैतिक गुरु मानते थे?(',NULL,',1728,1735,1729,1730','1729',NULL),(395,1,2,'7) पोलो या चौगान खेलते समय निम्नलिखित में से किस सुल्तान की मृत्यु हुई?',NULL,',1719,1720,1721,1722','1721',NULL),(396,1,2,'(6) माउंट आबू स्थित मशहूर दिलवाड़ा मंदिर निम्नलिखित में से किस समुदाय का पवित्र तीर्थस्थल है?',NULL,',1716,1717,1718,1725','1718',NULL),(397,1,2,'(8)  तालीकोटा के युद्ध के समय विजयनगर साम्राज्य में कौन- से राजवंश का राज था?',NULL,',1723,1724,1726,1727','1726',NULL),(398,1,3,'(12) किसी वस्तु को 69 रु. में बेचने के बजाय 78 रुपये में बेचने से लाभ का प्रतिशत दोगुना होता है। उस वस्तु का क्रय मूल्य क्या होगा?',NULL,',1739,1740,1741,1742','1741',NULL),(399,1,3,'(11) (251 + 252 + 253 + 254 + 255) निम्नलिखित में से किससे विभाज्य है?',NULL,',1738,1736,1737,1745','1737',NULL),(400,1,3,'(13) 12 संख्याओं का औसत 9 है। यदि प्रत्येक संख्या को 2 से गुणा किया जाए और 3 जोड़ा जाए, तो संख्याओं के नए सेट का औसत क्या होगा?',NULL,',1743,1744,1746,1747','1746',NULL),(401,1,3,'(14) एक कक्षा में 30 लड़कों की औसत आयु 10 वर्ष है। यदि उनके शिक्षक की आयु भी मिला ली जाए, तो औसत एक वर्ष बढ़ जाएगा। शिक्षक की आयु कितनी है?',NULL,',1748,1749,1750,1751','1750',NULL),(402,1,3,'(15) यदि 177 को 1/2 : 2/3 : 4/5 को अनुपात में तीन भागों में विभक्त किया जाए, तो बताएं दूसरा भाग क्या होगा?',NULL,',1752,1753,1754,1755','1754',NULL),(403,1,4,'(16) Directions : In the following questions, out of the four alternatives, choose the word which best expresses the meaning of the given word and click the button corresponding to it.',NULL,',1758,1756,1757,1759','1757',NULL),(404,1,4,'Devastation',NULL,',1760,1763,1764,1761','1764',NULL),(405,1,4,'(17) Directions : In the following questions, out of the four alternatives, choose the word which is opposite in meaning to the given word and click the button corresponding to it.',NULL,',1762,1765,1767,1768','1767',NULL),(406,1,4,' Soothe',NULL,',1766,1769,1770,1772','1770',NULL),(407,1,4,'(18) Directions : Four words are given, out of which only one word is spelt correctly. Choose the correctly spelt word and click the button corresponding to it.',NULL,',1771,1773,1776,1774','1776',NULL),(408,1,4,'(19) Directions : In the following questions, one part of the sentence may have an error. Find out which part of the sentence has an error and click the button corresponding to it. If the sentence is free from error, click the \"No error\" option.',NULL,',1775,1778,1779,1780','1779',NULL),(409,1,4,'20) Directions : In the following questions, one part of the sentence may have an error. Find out which part of the sentence has an error and click the button corresponding to it. If the sentence is free from error, click the \"No error\" option.',NULL,',1781,1777,1782,1783','1782',NULL),(410,1,1,'(1)दिये गये विकल्पों में से संबंधित शब्द/अक्षरों/संख्या को चुनिए।','साईकोलॉजी : मानव : : ओर्निथोलॉजी :',',1784,1787,1786,1785','1784',NULL),(411,1,1,'(2) दिये गये विकल्पों में से संबंधित शब्द/अक्षरों/संख्या को चुनिए।','EGIK : FHJL : : MOQS : ?',',1792,1790,1789,1788','1790',NULL),(412,1,1,'(3) दिये गये विकल्पों में से संबंधित शब्द/अक्षरों/संख्या को चुनिए।','147 : 741 : : 869 : ?',',1791,1793,1794,1795','1794',NULL),(413,1,1,'(4) दिये गये विकल्पों में से विषम शब्द/अक्षरों/संख्या को चुनिए।','(A)  शाक(B)  फूल(C)  पेड़(D)  झाड़ी',',1796,1797,1798,1799','1798',NULL),(414,1,2,'(6) माउंट आबू स्थित मशहूर दिलवाड़ा मंदिर निम्नलिखित में से किस समुदाय का पवित्र तीर्थस्थल है?',NULL,',1804,1805,1806,1807','1806',NULL),(415,1,1,'(5) दिये गये विकल्पों में से विषम शब्द/अक्षरों/संख्या को चुनिए।',NULL,',1800,1803,1801,1802','1801',NULL),(416,1,2,'(8)  तालीकोटा के युद्ध के समय विजयनगर साम्राज्य में कौन- से राजवंश का राज था?',NULL,',1811,1812,1819,1814','1819',NULL),(417,1,2,'(9) निम्नलिखित में से किसे गांधीजी अपना राजनैतिक गुरु मानते थे?(',NULL,',1820,1815,1816,1817','1816',NULL),(418,1,2,'7) पोलो या चौगान खेलते समय निम्नलिखित में से किस सुल्तान की मृत्यु हुई?',NULL,',1808,1809,1810,1813','1810',NULL),(419,1,3,'(11) (251 + 252 + 253 + 254 + 255) निम्नलिखित में से किससे विभाज्य है?',NULL,',1829,1830,1824,1825','1824',NULL),(420,1,3,'(12) किसी वस्तु को 69 रु. में बेचने के बजाय 78 रुपये में बेचने से लाभ का प्रतिशत दोगुना होता है। उस वस्तु का क्रय मूल्य क्या होगा?',NULL,',1826,1827,1828,1833','1828',NULL),(421,1,2,'(10) निम्नलिखित में से कौन-सा संविधान संशोधन अधिनियम प्रारंभिक शिक्षा के मूल अधिकार के रूप में होने से संबंधित है?',NULL,',1818,1823,1821,1822','1821',NULL),(422,1,3,'(14) एक कक्षा में 30 लड़कों की औसत आयु 10 वर्ष है। यदि उनके शिक्षक की आयु भी मिला ली जाए, तो औसत एक वर्ष बढ़ जाएगा। शिक्षक की आयु कितनी है?',NULL,',1835,1836,1837,1838','1837',NULL),(423,1,3,'(13) 12 संख्याओं का औसत 9 है। यदि प्रत्येक संख्या को 2 से गुणा किया जाए और 3 जोड़ा जाए, तो संख्याओं के नए सेट का औसत क्या होगा?',NULL,',1831,1832,1840,1834','1840',NULL),(424,1,3,'(15) यदि 177 को 1/2 : 2/3 : 4/5 को अनुपात में तीन भागों में विभक्त किया जाए, तो बताएं दूसरा भाग क्या होगा?',NULL,',1839,1841,1842,1843','1842',NULL),(425,1,4,'(16) Directions : In the following questions, out of the four alternatives, choose the word which best expresses the meaning of the given word and click the button corresponding to it.',NULL,',1844,1845,1848,1846','1848',NULL),(426,1,4,'Devastation',NULL,',1847,1852,1849,1853','1849',NULL),(427,1,4,'(17) Directions : In the following questions, out of the four alternatives, choose the word which is opposite in meaning to the given word and click the button corresponding to it.',NULL,',1850,1851,1854,1856','1854',NULL),(428,1,4,' Soothe',NULL,',1855,1857,1858,1859','1858',NULL),(429,1,4,'(18) Directions : Four words are given, out of which only one word is spelt correctly. Choose the correctly spelt word and click the button corresponding to it.',NULL,',1860,1865,1861,1862','1861',NULL),(430,1,4,'(19) Directions : In the following questions, one part of the sentence may have an error. Find out which part of the sentence has an error and click the button corresponding to it. If the sentence is free from error, click the \"No error\" option.',NULL,',1863,1864,1868,1869','1868',NULL),(431,1,4,'20) Directions : In the following questions, one part of the sentence may have an error. Find out which part of the sentence has an error and click the button corresponding to it. If the sentence is free from error, click the \"No error\" option.',NULL,',1870,1866,1867,1871','1867',NULL),(432,1,1,'(1)दिये गये विकल्पों में से संबंधित शब्द/अक्षरों/संख्या को चुनिए।','साईकोलॉजी : मानव : : ओर्निथोलॉजी :',',1876,1874,1875,1872','1876',NULL),(433,1,1,'(2) दिये गये विकल्पों में से संबंधित शब्द/अक्षरों/संख्या को चुनिए।','EGIK : FHJL : : MOQS : ?',',1873,1877,1878,1879','1877',NULL),(434,1,1,'(4) दिये गये विकल्पों में से विषम शब्द/अक्षरों/संख्या को चुनिए।','(A)  शाक(B)  फूल(C)  पेड़(D)  झाड़ी',',1886,1887,1883,1884','1883',NULL),(435,1,2,'(9) निम्नलिखित में से किसे गांधीजी अपना राजनैतिक गुरु मानते थे?(',NULL,',1903,1904,1905,1906','1905',NULL),(436,1,1,'(3) दिये गये विकल्पों में से संबंधित शब्द/अक्षरों/संख्या को चुनिए।','147 : 741 : : 869 : ?',',1881,1880,1882,1888','1882',NULL),(437,1,2,'7) पोलो या चौगान खेलते समय निम्नलिखित में से किस सुल्तान की मृत्यु हुई?',NULL,',1896,1897,1898,1902','1898',NULL),(438,1,2,'(6) माउंट आबू स्थित मशहूर दिलवाड़ा मंदिर निम्नलिखित में से किस समुदाय का पवित्र तीर्थस्थल है?',NULL,',1895,1892,1893,1894','1893',NULL),(439,1,1,'(5) दिये गये विकल्पों में से विषम शब्द/अक्षरों/संख्या को चुनिए।',NULL,',1890,1889,1885,1891','1885',NULL),(440,1,3,'(11) (251 + 252 + 253 + 254 + 255) निम्नलिखित में से किससे विभाज्य है?',NULL,',1912,1915,1913,1914','1913',NULL),(441,1,3,'(12) किसी वस्तु को 69 रु. में बेचने के बजाय 78 रुपये में बेचने से लाभ का प्रतिशत दोगुना होता है। उस वस्तु का क्रय मूल्य क्या होगा?',NULL,',1916,1917,1918,1919','1918',NULL),(442,1,3,'(13) 12 संख्याओं का औसत 9 है। यदि प्रत्येक संख्या को 2 से गुणा किया जाए और 3 जोड़ा जाए, तो संख्याओं के नए सेट का औसत क्या होगा?',NULL,',1920,1921,1922,1923','1922',NULL),(443,1,2,'(8)  तालीकोटा के युद्ध के समय विजयनगर साम्राज्य में कौन- से राजवंश का राज था?',NULL,',1899,1900,1901,1907','1901',NULL),(444,1,2,'(10) निम्नलिखित में से कौन-सा संविधान संशोधन अधिनियम प्रारंभिक शिक्षा के मूल अधिकार के रूप में होने से संबंधित है?',NULL,',1908,1909,1910,1911','1910',NULL),(445,1,3,'(14) एक कक्षा में 30 लड़कों की औसत आयु 10 वर्ष है। यदि उनके शिक्षक की आयु भी मिला ली जाए, तो औसत एक वर्ष बढ़ जाएगा। शिक्षक की आयु कितनी है?',NULL,',1924,1925,1926,1927','1926',NULL),(446,1,3,'(15) यदि 177 को 1/2 : 2/3 : 4/5 को अनुपात में तीन भागों में विभक्त किया जाए, तो बताएं दूसरा भाग क्या होगा?',NULL,',1928,1929,1930,1931','1930',NULL),(447,1,4,'(16) Directions : In the following questions, out of the four alternatives, choose the word which best expresses the meaning of the given word and click the button corresponding to it.',NULL,',1934,1932,1933,1935','1933',NULL),(448,1,4,'Devastation',NULL,',1936,1937,1942,1938','1942',NULL),(449,1,4,'(17) Directions : In the following questions, out of the four alternatives, choose the word which is opposite in meaning to the given word and click the button corresponding to it.',NULL,',1943,1939,1940,1941','1940',NULL),(450,1,4,' Soothe',NULL,',1944,1945,1948,1949','1948',NULL),(451,1,4,'(18) Directions : Four words are given, out of which only one word is spelt correctly. Choose the correctly spelt word and click the button corresponding to it.',NULL,',1946,1947,1950,1951','1950',NULL),(452,1,4,'(19) Directions : In the following questions, one part of the sentence may have an error. Find out which part of the sentence has an error and click the button corresponding to it. If the sentence is free from error, click the \"No error\" option.',NULL,',1952,1955,1953,1954','1953',NULL),(453,1,4,'20) Directions : In the following questions, one part of the sentence may have an error. Find out which part of the sentence has an error and click the button corresponding to it. If the sentence is free from error, click the \"No error\" option.',NULL,',1956,1958,1957,1959','1957',NULL),(454,1,1,'(2) दिये गये विकल्पों में से संबंधित शब्द/अक्षरों/संख्या को चुनिए।','EGIK : FHJL : : MOQS : ?',',1969,1966,1964,1962,','1966',NULL),(455,1,1,'(3) दिये गये विकल्पों में से संबंधित शब्द/अक्षरों/संख्या को चुनिए।','147 : 741 : : 869 : ?',',1963,1961,1970,1971,','1970',NULL),(456,1,2,'(8)  तालीकोटा के युद्ध के समय विजयनगर साम्राज्य में कौन- से राजवंश का राज था?',NULL,',1988,1989,1990,1991,','1990',NULL),(457,1,2,'(6) माउंट आबू स्थित मशहूर दिलवाड़ा मंदिर निम्नलिखित में से किस समुदाय का पवित्र तीर्थस्थल है?',NULL,',1980,1981,1982,1983,','1982',NULL),(458,1,1,'(5) दिये गये विकल्पों में से विषम शब्द/अक्षरों/संख्या को चुनिए।',NULL,',1976,1977,1978,1979,','1978',NULL),(459,1,1,'(4) दिये गये विकल्पों में से विषम शब्द/अक्षरों/संख्या को चुनिए।','(A)  शाक(B)  फूल(C)  पेड़(D)  झाड़ी',',1972,1973,1974,1975,','1974',NULL),(460,1,3,'(12) किसी वस्तु को 69 रु. में बेचने के बजाय 78 रुपये में बेचने से लाभ का प्रतिशत दोगुना होता है। उस वस्तु का क्रय मूल्य क्या होगा?',NULL,',2002,2003,2007,2006,','2007',NULL),(461,1,3,'(11) (251 + 252 + 253 + 254 + 255) निम्नलिखित में से किससे विभाज्य है?',NULL,',1999,2000,2004,2005,','2004',NULL),(462,1,1,'(1)दिये गये विकल्पों में से संबंधित शब्द/अक्षरों/संख्या को चुनिए।','साईकोलॉजी : मानव : : ओर्निथोलॉजी :',',1965,1968,1967,1960,','1965',NULL),(463,1,2,'7) पोलो या चौगान खेलते समय निम्नलिखित में से किस सुल्तान की मृत्यु हुई?',NULL,',1984,1985,1986,1987,','1986',NULL),(464,1,2,'(9) निम्नलिखित में से किसे गांधीजी अपना राजनैतिक गुरु मानते थे?(',NULL,',1992,1993,1994,1995,','1994',NULL),(465,1,3,'(15) यदि 177 को 1/2 : 2/3 : 4/5 को अनुपात में तीन भागों में विभक्त किया जाए, तो बताएं दूसरा भाग क्या होगा?',NULL,',2016,2017,2018,2019,','2018',NULL),(466,1,2,'(10) निम्नलिखित में से कौन-सा संविधान संशोधन अधिनियम प्रारंभिक शिक्षा के मूल अधिकार के रूप में होने से संबंधित है?',NULL,',1996,1997,1998,2001,','1998',NULL),(467,1,4,'(16) Directions : In the following questions, out of the four alternatives, choose the word which best expresses the meaning of the given word and click the button corresponding to it.',NULL,',2020,2021,2022,2023,','2022',NULL),(468,1,4,'Devastation',NULL,',2024,2025,2026,2027,','2026',NULL),(469,1,4,'(17) Directions : In the following questions, out of the four alternatives, choose the word which is opposite in meaning to the given word and click the button corresponding to it.',NULL,',2029,2030,2031,2028,','2031',NULL),(470,1,3,'(14) एक कक्षा में 30 लड़कों की औसत आयु 10 वर्ष है। यदि उनके शिक्षक की आयु भी मिला ली जाए, तो औसत एक वर्ष बढ़ जाएगा। शिक्षक की आयु कितनी है?',NULL,',2012,2013,2014,2015,','2014',NULL),(471,1,3,'(13) 12 संख्याओं का औसत 9 है। यदि प्रत्येक संख्या को 2 से गुणा किया जाए और 3 जोड़ा जाए, तो संख्याओं के नए सेट का औसत क्या होगा?',NULL,',2008,2009,2010,2011,','2010',NULL),(472,1,4,' Soothe',NULL,',2032,2033,2034,2036,','2034',NULL),(473,1,4,'(18) Directions : Four words are given, out of which only one word is spelt correctly. Choose the correctly spelt word and click the button corresponding to it.',NULL,',2035,2037,2038,2039,','2038',NULL),(474,1,4,'(19) Directions : In the following questions, one part of the sentence may have an error. Find out which part of the sentence has an error and click the button corresponding to it. If the sentence is free from error, click the \"No error\" option.',NULL,',2040,2041,2042,2043,','2042',NULL),(475,1,4,'20) Directions : In the following questions, one part of the sentence may have an error. Find out which part of the sentence has an error and click the button corresponding to it. If the sentence is free from error, click the \"No error\" option.',NULL,',2044,2045,2047,2046,','2047',NULL),(476,1,1,'(1)दिये गये विकल्पों में से संबंधित शब्द/अक्षरों/संख्या को चुनिए।','साईकोलॉजी : मानव : : ओर्निथोलॉजी :',',2048,2049,2050,2051,','2048',NULL),(477,1,1,'(2) दिये गये विकल्पों में से संबंधित शब्द/अक्षरों/संख्या को चुनिए।','EGIK : FHJL : : MOQS : ?',',2052,2053,2054,2055,','2053',NULL),(478,1,1,'(3) दिये गये विकल्पों में से संबंधित शब्द/अक्षरों/संख्या को चुनिए।','147 : 741 : : 869 : ?',',2056,2057,2058,2061,','2058',NULL),(479,1,1,'(4) दिये गये विकल्पों में से विषम शब्द/अक्षरों/संख्या को चुनिए।','(A)  शाक(B)  फूल(C)  पेड़(D)  झाड़ी',',2062,2059,2063,2060,','2063',NULL),(480,1,1,'(5) दिये गये विकल्पों में से विषम शब्द/अक्षरों/संख्या को चुनिए।',NULL,',2064,2065,2066,2067,','2066',NULL),(481,1,2,'(6) माउंट आबू स्थित मशहूर दिलवाड़ा मंदिर निम्नलिखित में से किस समुदाय का पवित्र तीर्थस्थल है?',NULL,',2068,2069,2073,2074,','2073',NULL),(482,1,2,'7) पोलो या चौगान खेलते समय निम्नलिखित में से किस सुल्तान की मृत्यु हुई?',NULL,',2070,2071,2072,2078,','2072',NULL),(483,1,2,'(8)  तालीकोटा के युद्ध के समय विजयनगर साम्राज्य में कौन- से राजवंश का राज था?',NULL,',2075,2076,2077,2079,','2077',NULL),(484,1,2,'(9) निम्नलिखित में से किसे गांधीजी अपना राजनैतिक गुरु मानते थे?(',NULL,',2080,2081,2082,2083,','2082',NULL),(485,1,2,'(10) निम्नलिखित में से कौन-सा संविधान संशोधन अधिनियम प्रारंभिक शिक्षा के मूल अधिकार के रूप में होने से संबंधित है?',NULL,',2084,2087,2085,2086,','2085',NULL),(486,1,3,'(11) (251 + 252 + 253 + 254 + 255) निम्नलिखित में से किससे विभाज्य है?',NULL,',2089,2090,2088,2091,','2088',NULL),(487,1,3,'(12) किसी वस्तु को 69 रु. में बेचने के बजाय 78 रुपये में बेचने से लाभ का प्रतिशत दोगुना होता है। उस वस्तु का क्रय मूल्य क्या होगा?',NULL,',2092,2093,2094,2095,','2094',NULL),(488,1,3,'(13) 12 संख्याओं का औसत 9 है। यदि प्रत्येक संख्या को 2 से गुणा किया जाए और 3 जोड़ा जाए, तो संख्याओं के नए सेट का औसत क्या होगा?',NULL,',2096,2097,2098,2099,','2098',NULL),(489,1,3,'(14) एक कक्षा में 30 लड़कों की औसत आयु 10 वर्ष है। यदि उनके शिक्षक की आयु भी मिला ली जाए, तो औसत एक वर्ष बढ़ जाएगा। शिक्षक की आयु कितनी है?',NULL,',2102,2100,2101,2103,','2101',NULL),(490,1,3,'(15) यदि 177 को 1/2 : 2/3 : 4/5 को अनुपात में तीन भागों में विभक्त किया जाए, तो बताएं दूसरा भाग क्या होगा?',NULL,',2107,2108,2109,2104,','2109',NULL),(491,1,4,'(16) Directions : In the following questions, out of the four alternatives, choose the word which best expresses the meaning of the given word and click the button corresponding to it.',NULL,',2105,2106,2110,2112,','2110',NULL),(492,1,4,'Devastation',NULL,',2113,2114,2111,2115,','2111',NULL),(493,1,4,'(17) Directions : In the following questions, out of the four alternatives, choose the word which is opposite in meaning to the given word and click the button corresponding to it.',NULL,',2117,2118,2119,2116,','2119',NULL),(494,1,4,' Soothe',NULL,',2123,2124,2120,2121,','2120',NULL),(495,1,4,'(18) Directions : Four words are given, out of which only one word is spelt correctly. Choose the correctly spelt word and click the button corresponding to it.',NULL,',2122,2125,2127,2126,','2127',NULL),(496,1,4,'(19) Directions : In the following questions, one part of the sentence may have an error. Find out which part of the sentence has an error and click the button corresponding to it. If the sentence is free from error, click the \"No error\" option.',NULL,',2128,2129,2132,2130,','2132',NULL),(497,1,4,'20) Directions : In the following questions, one part of the sentence may have an error. Find out which part of the sentence has an error and click the button corresponding to it. If the sentence is free from error, click the \"No error\" option.',NULL,',2133,2134,2131,2135,','2131',NULL),(498,1,1,'(1)दिये गये विकल्पों में से संबंधित शब्द/अक्षरों/संख्या को चुनिए।','साईकोलॉजी : मानव : : ओर्निथोलॉजी :',',2137,2139,2136,2138,','2137',NULL),(499,1,1,'(2) दिये गये विकल्पों में से संबंधित शब्द/अक्षरों/संख्या को चुनिए।','EGIK : FHJL : : MOQS : ?',',2141,2140,2142,2144,','2140',NULL),(500,1,1,'(3) दिये गये विकल्पों में से संबंधित शब्द/अक्षरों/संख्या को चुनिए।','147 : 741 : : 869 : ?',',2143,2151,2145,2146,','2145',NULL),(501,1,1,'(4) दिये गये विकल्पों में से विषम शब्द/अक्षरों/संख्या को चुनिए।','(A)  शाक(B)  फूल(C)  पेड़(D)  झाड़ी',',2147,2150,2148,2149,','2148',NULL),(502,1,2,'(8)  तालीकोटा के युद्ध के समय विजयनगर साम्राज्य में कौन- से राजवंश का राज था?',NULL,',2164,2165,2166,2167,','2166',NULL),(503,1,2,'(6) माउंट आबू स्थित मशहूर दिलवाड़ा मंदिर निम्नलिखित में से किस समुदाय का पवित्र तीर्थस्थल है?',NULL,',2155,2156,2157,2158,','2157',NULL),(504,1,1,'(5) दिये गये विकल्पों में से विषम शब्द/अक्षरों/संख्या को चुनिए।',NULL,',2152,2153,2154,2160,','2154',NULL),(505,1,2,'(9) निम्नलिखित में से किसे गांधीजी अपना राजनैतिक गुरु मानते थे?(',NULL,',2168,2169,2170,2174,','2170',NULL),(506,1,2,'(10) निम्नलिखित में से कौन-सा संविधान संशोधन अधिनियम प्रारंभिक शिक्षा के मूल अधिकार के रूप में होने से संबंधित है?',NULL,',2171,2172,2173,2175,','2173',NULL),(507,1,2,'7) पोलो या चौगान खेलते समय निम्नलिखित में से किस सुल्तान की मृत्यु हुई?',NULL,',2159,2161,2162,2163,','2162',NULL),(508,1,3,'(11) (251 + 252 + 253 + 254 + 255) निम्नलिखित में से किससे विभाज्य है?',NULL,',2179,2180,2176,2177,','2176',NULL),(509,1,3,'(12) किसी वस्तु को 69 रु. में बेचने के बजाय 78 रुपये में बेचने से लाभ का प्रतिशत दोगुना होता है। उस वस्तु का क्रय मूल्य क्या होगा?',NULL,',2178,2181,2182,2183,','2182',NULL),(510,1,3,'(13) 12 संख्याओं का औसत 9 है। यदि प्रत्येक संख्या को 2 से गुणा किया जाए और 3 जोड़ा जाए, तो संख्याओं के नए सेट का औसत क्या होगा?',NULL,',2184,2189,2185,2186,','2185',NULL),(511,1,3,'(14) एक कक्षा में 30 लड़कों की औसत आयु 10 वर्ष है। यदि उनके शिक्षक की आयु भी मिला ली जाए, तो औसत एक वर्ष बढ़ जाएगा। शिक्षक की आयु कितनी है?',NULL,',2187,2188,2190,2191,','2190',NULL),(512,1,3,'(15) यदि 177 को 1/2 : 2/3 : 4/5 को अनुपात में तीन भागों में विभक्त किया जाए, तो बताएं दूसरा भाग क्या होगा?',NULL,',2192,2193,2194,2195,','2194',NULL),(513,1,4,'(16) Directions : In the following questions, out of the four alternatives, choose the word which best expresses the meaning of the given word and click the button corresponding to it.',NULL,',2196,2197,2198,2199,','2198',NULL),(514,1,4,'Devastation',NULL,',2203,2200,2201,2202,','2201',NULL),(515,1,4,'(17) Directions : In the following questions, out of the four alternatives, choose the word which is opposite in meaning to the given word and click the button corresponding to it.',NULL,',2204,2205,2208,2206,','2208',NULL),(516,1,4,' Soothe',NULL,',2207,2209,2210,2211,','2210',NULL),(517,1,4,'(18) Directions : Four words are given, out of which only one word is spelt correctly. Choose the correctly spelt word and click the button corresponding to it.',NULL,',2212,2213,2215,2214,','2215',NULL),(518,1,4,'20) Directions : In the following questions, one part of the sentence may have an error. Find out which part of the sentence has an error and click the button corresponding to it. If the sentence is free from error, click the \"No error\" option.',NULL,',2219,2220,2221,2222,','2221',NULL),(519,1,4,'(19) Directions : In the following questions, one part of the sentence may have an error. Find out which part of the sentence has an error and click the button corresponding to it. If the sentence is free from error, click the \"No error\" option.',NULL,',2216,2218,2217,2223,','2217',NULL),(520,1,1,'(2) दिये गये विकल्पों में से संबंधित शब्द/अक्षरों/संख्या को चुनिए।','EGIK : FHJL : : MOQS : ?',',2228,2229,2231,2230,','2229',NULL),(521,1,1,'(1)दिये गये विकल्पों में से संबंधित शब्द/अक्षरों/संख्या को चुनिए।','साईकोलॉजी : मानव : : ओर्निथोलॉजी :',',2226,2224,2227,2225,','2226',NULL),(522,1,1,'(3) दिये गये विकल्पों में से संबंधित शब्द/अक्षरों/संख्या को चुनिए।','147 : 741 : : 869 : ?',',2232,2233,2234,2235,','2234',NULL),(523,1,1,'(4) दिये गये विकल्पों में से विषम शब्द/अक्षरों/संख्या को चुनिए।','(A)  शाक(B)  फूल(C)  पेड़(D)  झाड़ी',',2236,2237,2238,2239,','2238',NULL),(524,1,2,'(8)  तालीकोटा के युद्ध के समय विजयनगर साम्राज्य में कौन- से राजवंश का राज था?',NULL,',2252,2253,2254,2255,','2254',NULL),(525,1,1,'(5) दिये गये विकल्पों में से विषम शब्द/अक्षरों/संख्या को चुनिए।',NULL,',2241,2240,2242,2243,','2242',NULL),(526,1,2,'(9) निम्नलिखित में से किसे गांधीजी अपना राजनैतिक गुरु मानते थे?(',NULL,',2256,2259,2257,2258,','2257',NULL),(527,1,2,'(6) माउंट आबू स्थित मशहूर दिलवाड़ा मंदिर निम्नलिखित में से किस समुदाय का पवित्र तीर्थस्थल है?',NULL,',2244,2245,2246,2249,','2246',NULL),(528,1,2,'7) पोलो या चौगान खेलते समय निम्नलिखित में से किस सुल्तान की मृत्यु हुई?',NULL,',2247,2248,2250,2251,','2250',NULL),(529,1,2,'(10) निम्नलिखित में से कौन-सा संविधान संशोधन अधिनियम प्रारंभिक शिक्षा के मूल अधिकार के रूप में होने से संबंधित है?',NULL,',2260,2261,2262,2263,','2262',NULL),(530,1,3,'(11) (251 + 252 + 253 + 254 + 255) निम्नलिखित में से किससे विभाज्य है?',NULL,',2268,2264,2265,2266,','2265',NULL),(531,1,3,'(12) किसी वस्तु को 69 रु. में बेचने के बजाय 78 रुपये में बेचने से लाभ का प्रतिशत दोगुना होता है। उस वस्तु का क्रय मूल्य क्या होगा?',NULL,',2267,2269,2270,2271,','2270',NULL),(532,1,3,'(13) 12 संख्याओं का औसत 9 है। यदि प्रत्येक संख्या को 2 से गुणा किया जाए और 3 जोड़ा जाए, तो संख्याओं के नए सेट का औसत क्या होगा?',NULL,',2277,2272,2273,2274,','2273',NULL),(533,1,3,'(14) एक कक्षा में 30 लड़कों की औसत आयु 10 वर्ष है। यदि उनके शिक्षक की आयु भी मिला ली जाए, तो औसत एक वर्ष बढ़ जाएगा। शिक्षक की आयु कितनी है?',NULL,',2278,2275,2276,2281,','2276',NULL),(534,1,3,'(15) यदि 177 को 1/2 : 2/3 : 4/5 को अनुपात में तीन भागों में विभक्त किया जाए, तो बताएं दूसरा भाग क्या होगा?',NULL,',2279,2280,2286,2282,','2286',NULL),(535,1,4,'(16) Directions : In the following questions, out of the four alternatives, choose the word which best expresses the meaning of the given word and click the button corresponding to it.',NULL,',2283,2287,2284,2285,','2284',NULL),(536,1,4,'Devastation',NULL,',2288,2291,2289,2290,','2289',NULL),(537,1,4,'(17) Directions : In the following questions, out of the four alternatives, choose the word which is opposite in meaning to the given word and click the button corresponding to it.',NULL,',2292,2293,2296,2294,','2296',NULL),(538,1,4,' Soothe',NULL,',2295,2297,2298,2299,','2298',NULL),(539,1,4,'(18) Directions : Four words are given, out of which only one word is spelt correctly. Choose the correctly spelt word and click the button corresponding to it.',NULL,',2301,2300,2302,2303,','2302',NULL),(540,1,4,'(19) Directions : In the following questions, one part of the sentence may have an error. Find out which part of the sentence has an error and click the button corresponding to it. If the sentence is free from error, click the \"No error\" option.',NULL,',2305,2304,2306,2308,','2306',NULL),(541,1,4,'20) Directions : In the following questions, one part of the sentence may have an error. Find out which part of the sentence has an error and click the button corresponding to it. If the sentence is free from error, click the \"No error\" option.',NULL,',2309,2307,2310,2311,','2310',NULL),(542,1,1,'(1)दिये गये विकल्पों में से संबंधित शब्द/अक्षरों/संख्या को चुनिए।','साईकोलॉजी : मानव : : ओर्निथोलॉजी :',',2312,2313,2314,2316,','2312',NULL),(543,1,1,'(3) दिये गये विकल्पों में से संबंधित शब्द/अक्षरों/संख्या को चुनिए।','147 : 741 : : 869 : ?',',2318,2317,2322,2323,','2322',NULL),(544,1,1,'(2) दिये गये विकल्पों में से संबंधित शब्द/अक्षरों/संख्या को चुनिए।','EGIK : FHJL : : MOQS : ?',',2315,2320,2319,2321,','2320',NULL),(545,1,1,'(4) दिये गये विकल्पों में से विषम शब्द/अक्षरों/संख्या को चुनिए।','(A)  शाक(B)  फूल(C)  पेड़(D)  झाड़ी',',2327,2324,2325,2326,','2325',NULL),(546,1,1,'(5) दिये गये विकल्पों में से विषम शब्द/अक्षरों/संख्या को चुनिए।',NULL,',2333,2328,2329,2330,','2329',NULL),(547,1,2,'(9) निम्नलिखित में से किसे गांधीजी अपना राजनैतिक गुरु मानते थे?(',NULL,',2344,2345,2346,2347,','2346',NULL),(548,1,2,'(6) माउंट आबू स्थित मशहूर दिलवाड़ा मंदिर निम्नलिखित में से किस समुदाय का पवित्र तीर्थस्थल है?',NULL,',2331,2332,2334,2336,','2334',NULL),(549,1,2,'7) पोलो या चौगान खेलते समय निम्नलिखित में से किस सुल्तान की मृत्यु हुई?',NULL,',2337,2335,2338,2339,','2338',NULL),(550,1,2,'(10) निम्नलिखित में से कौन-सा संविधान संशोधन अधिनियम प्रारंभिक शिक्षा के मूल अधिकार के रूप में होने से संबंधित है?',NULL,',2351,2348,2349,2352,','2349',NULL),(551,1,2,'(8)  तालीकोटा के युद्ध के समय विजयनगर साम्राज्य में कौन- से राजवंश का राज था?',NULL,',2343,2340,2341,2342,','2341',NULL),(552,1,3,'(11) (251 + 252 + 253 + 254 + 255) निम्नलिखित में से किससे विभाज्य है?',NULL,',2350,2353,2354,2359,','2354',NULL),(553,1,3,'(12) किसी वस्तु को 69 रु. में बेचने के बजाय 78 रुपये में बेचने से लाभ का प्रतिशत दोगुना होता है। उस वस्तु का क्रय मूल्य क्या होगा?',NULL,',2360,2355,2356,2357,','2356',NULL),(554,1,3,'(13) 12 संख्याओं का औसत 9 है। यदि प्रत्येक संख्या को 2 से गुणा किया जाए और 3 जोड़ा जाए, तो संख्याओं के नए सेट का औसत क्या होगा?',NULL,',2358,2363,2361,2362,','2361',NULL),(555,1,3,'(14) एक कक्षा में 30 लड़कों की औसत आयु 10 वर्ष है। यदि उनके शिक्षक की आयु भी मिला ली जाए, तो औसत एक वर्ष बढ़ जाएगा। शिक्षक की आयु कितनी है?',NULL,',2364,2365,2366,2367,','2366',NULL),(556,1,3,'(15) यदि 177 को 1/2 : 2/3 : 4/5 को अनुपात में तीन भागों में विभक्त किया जाए, तो बताएं दूसरा भाग क्या होगा?',NULL,',2368,2369,2370,2371,','2370',NULL),(557,1,4,'(16) Directions : In the following questions, out of the four alternatives, choose the word which best expresses the meaning of the given word and click the button corresponding to it.',NULL,',2372,2373,2374,2375,','2374',NULL),(558,1,4,'Devastation',NULL,',2376,2377,2378,2379,','2378',NULL),(559,1,4,'(17) Directions : In the following questions, out of the four alternatives, choose the word which is opposite in meaning to the given word and click the button corresponding to it.',NULL,',2382,2380,2383,2381,','2383',NULL),(560,1,4,' Soothe',NULL,',2384,2385,2388,2389,','2388',NULL),(561,1,4,'(18) Directions : Four words are given, out of which only one word is spelt correctly. Choose the correctly spelt word and click the button corresponding to it.',NULL,',2390,2386,2391,2387,','2391',NULL),(562,1,4,'(19) Directions : In the following questions, one part of the sentence may have an error. Find out which part of the sentence has an error and click the button corresponding to it. If the sentence is free from error, click the \"No error\" option.',NULL,',2392,2393,2394,2395,','2394',NULL),(563,1,4,'20) Directions : In the following questions, one part of the sentence may have an error. Find out which part of the sentence has an error and click the button corresponding to it. If the sentence is free from error, click the \"No error\" option.',NULL,',2396,2397,2398,2399,','2398',NULL),(564,1,1,'(1)दिये गये विकल्पों में से संबंधित शब्द/अक्षरों/संख्या को चुनिए।','साईकोलॉजी : मानव : : ओर्निथोलॉजी :',',2400,2401,2402,2403,','2400',NULL),(565,1,1,'(2) दिये गये विकल्पों में से संबंधित शब्द/अक्षरों/संख्या को चुनिए।','EGIK : FHJL : : MOQS : ?',',2404,2405,2406,2407,','2405',NULL),(566,1,1,'(3) दिये गये विकल्पों में से संबंधित शब्द/अक्षरों/संख्या को चुनिए।','147 : 741 : : 869 : ?',',2408,2409,2410,2411,','2410',NULL),(567,1,1,'(4) दिये गये विकल्पों में से विषम शब्द/अक्षरों/संख्या को चुनिए।','(A)  शाक(B)  फूल(C)  पेड़(D)  झाड़ी',',2412,2413,2414,2415,','2414',NULL),(568,1,1,'(5) दिये गये विकल्पों में से विषम शब्द/अक्षरों/संख्या को चुनिए।',NULL,',2416,2417,2418,2419,','2418',NULL),(569,1,2,'7) पोलो या चौगान खेलते समय निम्नलिखित में से किस सुल्तान की मृत्यु हुई?',NULL,',2422,2423,2424,2425,','2424',NULL),(570,1,2,'(6) माउंट आबू स्थित मशहूर दिलवाड़ा मंदिर निम्नलिखित में से किस समुदाय का पवित्र तीर्थस्थल है?',NULL,',2420,2426,2427,2421,','2427',NULL),(571,1,2,'(8)  तालीकोटा के युद्ध के समय विजयनगर साम्राज्य में कौन- से राजवंश का राज था?',NULL,',2429,2428,2430,2431,','2430',NULL),(572,1,2,'(9) निम्नलिखित में से किसे गांधीजी अपना राजनैतिक गुरु मानते थे?(',NULL,',2432,2433,2434,2435,','2434',NULL),(573,1,2,'(10) निम्नलिखित में से कौन-सा संविधान संशोधन अधिनियम प्रारंभिक शिक्षा के मूल अधिकार के रूप में होने से संबंधित है?',NULL,',2436,2437,2438,2439,','2438',NULL),(574,1,3,'(11) (251 + 252 + 253 + 254 + 255) निम्नलिखित में से किससे विभाज्य है?',NULL,',2440,2441,2442,2443,','2442',NULL),(575,1,3,'(12) किसी वस्तु को 69 रु. में बेचने के बजाय 78 रुपये में बेचने से लाभ का प्रतिशत दोगुना होता है। उस वस्तु का क्रय मूल्य क्या होगा?',NULL,',2445,2444,2446,2447,','2446',NULL),(576,1,3,'(13) 12 संख्याओं का औसत 9 है। यदि प्रत्येक संख्या को 2 से गुणा किया जाए और 3 जोड़ा जाए, तो संख्याओं के नए सेट का औसत क्या होगा?',NULL,',2448,2449,2450,2451,','2450',NULL),(577,1,3,'(14) एक कक्षा में 30 लड़कों की औसत आयु 10 वर्ष है। यदि उनके शिक्षक की आयु भी मिला ली जाए, तो औसत एक वर्ष बढ़ जाएगा। शिक्षक की आयु कितनी है?',NULL,',2455,2452,2453,2454,','2453',NULL),(578,1,3,'(15) यदि 177 को 1/2 : 2/3 : 4/5 को अनुपात में तीन भागों में विभक्त किया जाए, तो बताएं दूसरा भाग क्या होगा?',NULL,',2456,2457,2458,2459,','2458',NULL),(579,1,4,'(16) Directions : In the following questions, out of the four alternatives, choose the word which best expresses the meaning of the given word and click the button corresponding to it.',NULL,',2461,2460,2462,2465,','2462',NULL),(580,1,4,'Devastation',NULL,',2463,2464,2466,2467,','2466',NULL),(581,1,4,'(17) Directions : In the following questions, out of the four alternatives, choose the word which is opposite in meaning to the given word and click the button corresponding to it.',NULL,',2468,2469,2470,2471,','2470',NULL),(582,1,4,' Soothe',NULL,',2472,2473,2474,2475,','2474',NULL),(583,1,4,'(18) Directions : Four words are given, out of which only one word is spelt correctly. Choose the correctly spelt word and click the button corresponding to it.',NULL,',2478,2479,2476,2477,','2476',NULL),(584,1,4,'(19) Directions : In the following questions, one part of the sentence may have an error. Find out which part of the sentence has an error and click the button corresponding to it. If the sentence is free from error, click the \"No error\" option.',NULL,',2481,2482,2480,2484,','2480',NULL),(585,1,4,'20) Directions : In the following questions, one part of the sentence may have an error. Find out which part of the sentence has an error and click the button corresponding to it. If the sentence is free from error, click the \"No error\" option.',NULL,',2485,2483,2486,2487,','2486',NULL),(586,1,1,'(1)दिये गये विकल्पों में से संबंधित शब्द/अक्षरों/संख्या को चुनिए।','साईकोलॉजी : मानव : : ओर्निथोलॉजी :',',2488,2497,2489,2492,','2488',NULL),(587,1,1,'(2) दिये गये विकल्पों में से संबंधित शब्द/अक्षरों/संख्या को चुनिए।','EGIK : FHJL : : MOQS : ?',',2491,2490,2493,2496,','2490',NULL),(588,1,1,'(3) दिये गये विकल्पों में से संबंधित शब्द/अक्षरों/संख्या को चुनिए।','147 : 741 : : 869 : ?',',2494,2495,2498,2499,','2498',NULL),(589,1,1,'(5) दिये गये विकल्पों में से विषम शब्द/अक्षरों/संख्या को चुनिए।',NULL,',2502,2503,2504,2505,','2504',NULL),(590,1,1,'(4) दिये गये विकल्पों में से विषम शब्द/अक्षरों/संख्या को चुनिए।','(A)  शाक(B)  फूल(C)  पेड़(D)  झाड़ी',',2500,2506,2507,2501,','2507',NULL),(591,1,2,'(9) निम्नलिखित में से किसे गांधीजी अपना राजनैतिक गुरु मानते थे?(',NULL,',2519,2521,2522,2523,','2522',NULL),(592,1,2,'(6) माउंट आबू स्थित मशहूर दिलवाड़ा मंदिर निम्नलिखित में से किस समुदाय का पवित्र तीर्थस्थल है?',NULL,',2508,2509,2510,2511,','2510',NULL),(593,1,2,'7) पोलो या चौगान खेलते समय निम्नलिखित में से किस सुल्तान की मृत्यु हुई?',NULL,',2512,2513,2514,2515,','2514',NULL),(594,1,2,'(10) निम्नलिखित में से कौन-सा संविधान संशोधन अधिनियम प्रारंभिक शिक्षा के मूल अधिकार के रूप में होने से संबंधित है?',NULL,',2524,2525,2526,2527,','2526',NULL),(595,1,2,'(8)  तालीकोटा के युद्ध के समय विजयनगर साम्राज्य में कौन- से राजवंश का राज था?',NULL,',2516,2517,2520,2518,','2520',NULL),(596,1,3,'(12) किसी वस्तु को 69 रु. में बेचने के बजाय 78 रुपये में बेचने से लाभ का प्रतिशत दोगुना होता है। उस वस्तु का क्रय मूल्य क्या होगा?',NULL,',2531,2532,2533,2534,','2533',NULL),(597,1,3,'(11) (251 + 252 + 253 + 254 + 255) निम्नलिखित में से किससे विभाज्य है?',NULL,',2528,2529,2530,2537,','2530',NULL),(598,1,3,'(13) 12 संख्याओं का औसत 9 है। यदि प्रत्येक संख्या को 2 से गुणा किया जाए और 3 जोड़ा जाए, तो संख्याओं के नए सेट का औसत क्या होगा?',NULL,',2535,2536,2538,2540,','2538',NULL),(599,1,3,'(15) यदि 177 को 1/2 : 2/3 : 4/5 को अनुपात में तीन भागों में विभक्त किया जाए, तो बताएं दूसरा भाग क्या होगा?',NULL,',2543,2544,2545,2546,','2545',NULL),(600,1,3,'(14) एक कक्षा में 30 लड़कों की औसत आयु 10 वर्ष है। यदि उनके शिक्षक की आयु भी मिला ली जाए, तो औसत एक वर्ष बढ़ जाएगा। शिक्षक की आयु कितनी है?',NULL,',2539,2541,2547,2542,','2547',NULL),(601,1,4,'(16) Directions : In the following questions, out of the four alternatives, choose the word which best expresses the meaning of the given word and click the button corresponding to it.',NULL,',2548,2549,2550,2551,','2550',NULL),(602,1,4,'Devastation',NULL,',2552,2553,2554,2555,','2554',NULL),(603,1,4,'(17) Directions : In the following questions, out of the four alternatives, choose the word which is opposite in meaning to the given word and click the button corresponding to it.',NULL,',2556,2557,2558,2559,','2558',NULL),(604,1,4,' Soothe',NULL,',2560,2561,2562,2563,','2562',NULL),(605,1,4,'(18) Directions : Four words are given, out of which only one word is spelt correctly. Choose the correctly spelt word and click the button corresponding to it.',NULL,',2564,2565,2566,2567,','2566',NULL),(606,1,4,'(19) Directions : In the following questions, one part of the sentence may have an error. Find out which part of the sentence has an error and click the button corresponding to it. If the sentence is free from error, click the \"No error\" option.',NULL,',2568,2569,2570,2571,','2570',NULL),(607,1,4,'20) Directions : In the following questions, one part of the sentence may have an error. Find out which part of the sentence has an error and click the button corresponding to it. If the sentence is free from error, click the \"No error\" option.',NULL,',2572,2573,2574,2575,','2574',NULL),(608,1,1,'(2) दिये गये विकल्पों में से संबंधित शब्द/अक्षरों/संख्या को चुनिए।','EGIK : FHJL : : MOQS : ?',',2578,2580,2582,2587,','2580',NULL),(609,1,1,'(3) दिये गये विकल्पों में से संबंधित शब्द/अक्षरों/संख्या को चुनिए।','147 : 741 : : 869 : ?',',2583,2588,2589,2584,','2589',NULL),(610,1,1,'(1)दिये गये विकल्पों में से संबंधित शब्द/अक्षरों/संख्या को चुनिए।','साईकोलॉजी : मानव : : ओर्निथोलॉजी :',',2579,2577,2576,2581,','2579',NULL),(611,1,1,'(4) दिये गये विकल्पों में से विषम शब्द/अक्षरों/संख्या को चुनिए।','(A)  शाक(B)  फूल(C)  पेड़(D)  झाड़ी',',2585,2586,2590,2591,','2590',NULL),(612,1,1,'(5) दिये गये विकल्पों में से विषम शब्द/अक्षरों/संख्या को चुनिए।',NULL,',2592,2598,2593,2594,','2593',NULL),(613,1,2,'(6) माउंट आबू स्थित मशहूर दिलवाड़ा मंदिर निम्नलिखित में से किस समुदाय का पवित्र तीर्थस्थल है?',NULL,',2595,2596,2597,2599,','2597',NULL),(614,1,2,'(10) निम्नलिखित में से कौन-सा संविधान संशोधन अधिनियम प्रारंभिक शिक्षा के मूल अधिकार के रूप में होने से संबंधित है?',NULL,',2612,2613,2614,2615,','2614',NULL),(615,1,3,'(11) (251 + 252 + 253 + 254 + 255) निम्नलिखित में से किससे विभाज्य है?',NULL,',2616,2617,2618,2619,','2618',NULL),(616,1,2,'(8)  तालीकोटा के युद्ध के समय विजयनगर साम्राज्य में कौन- से राजवंश का राज था?',NULL,',2603,2605,2604,2607,','2604',NULL),(617,1,2,'7) पोलो या चौगान खेलते समय निम्नलिखित में से किस सुल्तान की मृत्यु हुई?',NULL,',2600,2601,2602,2608,','2602',NULL),(618,1,3,'(12) किसी वस्तु को 69 रु. में बेचने के बजाय 78 रुपये में बेचने से लाभ का प्रतिशत दोगुना होता है। उस वस्तु का क्रय मूल्य क्या होगा?',NULL,',2620,2621,2622,2623,','2622',NULL),(619,1,2,'(9) निम्नलिखित में से किसे गांधीजी अपना राजनैतिक गुरु मानते थे?(',NULL,',2606,2609,2610,2611,','2610',NULL),(620,1,3,'(13) 12 संख्याओं का औसत 9 है। यदि प्रत्येक संख्या को 2 से गुणा किया जाए और 3 जोड़ा जाए, तो संख्याओं के नए सेट का औसत क्या होगा?',NULL,',2624,2625,2626,2627,','2626',NULL),(621,1,3,'(14) एक कक्षा में 30 लड़कों की औसत आयु 10 वर्ष है। यदि उनके शिक्षक की आयु भी मिला ली जाए, तो औसत एक वर्ष बढ़ जाएगा। शिक्षक की आयु कितनी है?',NULL,',2628,2629,2630,2631,','2630',NULL),(622,1,3,'(15) यदि 177 को 1/2 : 2/3 : 4/5 को अनुपात में तीन भागों में विभक्त किया जाए, तो बताएं दूसरा भाग क्या होगा?',NULL,',2632,2633,2634,2635,','2634',NULL),(623,1,4,'(16) Directions : In the following questions, out of the four alternatives, choose the word which best expresses the meaning of the given word and click the button corresponding to it.',NULL,',2636,2637,2638,2639,','2638',NULL),(624,1,4,'Devastation',NULL,',2640,2641,2642,2643,','2642',NULL),(625,1,4,' Soothe',NULL,',2647,2648,2649,2650,','2649',NULL),(626,1,4,'(17) Directions : In the following questions, out of the four alternatives, choose the word which is opposite in meaning to the given word and click the button corresponding to it.',NULL,',2644,2645,2646,2652,','2646',NULL),(627,1,4,'(18) Directions : Four words are given, out of which only one word is spelt correctly. Choose the correctly spelt word and click the button corresponding to it.',NULL,',2653,2654,2651,2656,','2651',NULL),(628,1,4,'(19) Directions : In the following questions, one part of the sentence may have an error. Find out which part of the sentence has an error and click the button corresponding to it. If the sentence is free from error, click the \"No error\" option.',NULL,',2655,2660,2661,2657,','2661',NULL),(629,1,4,'20) Directions : In the following questions, one part of the sentence may have an error. Find out which part of the sentence has an error and click the button corresponding to it. If the sentence is free from error, click the \"No error\" option.',NULL,',2658,2659,2662,2663,','2662',NULL);

/*Table structure for table `question_category` */

DROP TABLE IF EXISTS `question_category`;

CREATE TABLE `question_category` (
  `id` bigint(20) NOT NULL AUTO_INCREMENT,
  `category_name` varchar(50) NOT NULL,
  PRIMARY KEY (`id`)
) ENGINE=InnoDB AUTO_INCREMENT=5 DEFAULT CHARSET=utf8;

/*Data for the table `question_category` */

insert  into `question_category`(`id`,`category_name`) values (1,'Reasoning'),(2,'General Awareness'),(3,'Quantitative Aptitude'),(4,'English');

/*Table structure for table `question_paper` */

DROP TABLE IF EXISTS `question_paper`;

CREATE TABLE `question_paper` (
  `id` bigint(20) NOT NULL AUTO_INCREMENT,
  `paper_title` varchar(300) DEFAULT NULL,
  `course_name` varchar(200) DEFAULT NULL,
  `instructions` longtext,
  `total_time_in_secs` int(11) DEFAULT NULL,
  `author_id` bigint(20) NOT NULL,
  PRIMARY KEY (`id`)
) ENGINE=InnoDB AUTO_INCREMENT=48 DEFAULT CHARSET=utf8;

/*Data for the table `question_paper` */

insert  into `question_paper`(`id`,`paper_title`,`course_name`,`instructions`,`total_time_in_secs`,`author_id`) values (34,'Paper 1','UPSC 2018',':head:INSTRUCTION FOR ST (SBI CLK-PRE):head:|:subhead:Please read the following instructions very carefully::subhead:|:li:Read carefully the instructions before starting the test.you can read the instructions in between the exam after clicking the \"INSTRUCTION BUTTON\".:li:|:li:You have 60 minutes (20 minutes for English Language, 20 minutes for Numerical Ability and 20 minutes for Reasoning Ability) to complete the test.:li:|:li:The test contains a total of 100 questions.:li:|:li:There is only one correct answer to each question. Click on the most appropriate option to mark it as your answer.:li:|:li:You will be awarded 1 marks for each correct answer.:li:|:li:There is 0.25 negative marks for each wrong answer.:li:|:li:According to your selection of questions it will change the colour in the boxes at the right side window, these colours will help you to identify the required group of questions.:li:|:li:You can unmark your answer by clicking on the \"CLEAR RESPONSE\" Option.:li:|:li:You can mark a question for reviewing it later by clicking on the “marked & review” button.:li:|:li:You can use the \"FILTER BUTTON\" to select your choices individually according to your given answers.:li:|:li:A Number list of all questions appears at the right hand side of the window. You can access the questions in any order within a section or across sections by clicking on the question number given on the number list.:li:|:li:You can use rough sheets while taking the test. Do not use calculators, log tables, dictionaries, or any other printed/online reference material during the test.:li:|:li:Do not click the button “SUBMIT TEST” before completing the test. A test once submitted cannot be resumed.:li:|:li: If your system gets hanged or you face any other problem in internet connectivity, - \"Don\'t Worry, Kindly close the window of the Test and you can resume your test from where you had left.\":li:|:li:Once clicked on the (SUBMIT TEST) button, You Cannot REDO this Speed Test.....:li:|:specialnotes:Please note all questions appear in your defaut language. This language can be changed for a particular question later on. :specialnotes:',180,1),(35,NULL,'UPSC 2018',':head:INSTRUCTION FOR ST (SBI CLK-PRE):head:|:subhead:Please read the following instructions very carefully::subhead:|:li:Read carefully the instructions before starting the test.you can read the instructions in between the exam after clicking the \"INSTRUCTION BUTTON\".:li:|:li:You have 60 minutes (20 minutes for English Language, 20 minutes for Numerical Ability and 20 minutes for Reasoning Ability) to complete the test.:li:|:li:The test contains a total of 100 questions.:li:|:li:There is only one correct answer to each question. Click on the most appropriate option to mark it as your answer.:li:|:li:You will be awarded 1 marks for each correct answer.:li:|:li:There is 0.25 negative marks for each wrong answer.:li:|:li:According to your selection of questions it will change the colour in the boxes at the right side window, these colours will help you to identify the required group of questions.:li:|:li:You can unmark your answer by clicking on the \"CLEAR RESPONSE\" Option.:li:|:li:You can mark a question for reviewing it later by clicking on the “marked & review” button.:li:|:li:You can use the \"FILTER BUTTON\" to select your choices individually according to your given answers.:li:|:li:A Number list of all questions appears at the right hand side of the window. You can access the questions in any order within a section or across sections by clicking on the question number given on the number list.:li:|:li:You can use rough sheets while taking the test. Do not use calculators, log tables, dictionaries, or any other printed/online reference material during the test.:li:|:li:Do not click the button “SUBMIT TEST” before completing the test. A test once submitted cannot be resumed.:li:|:li: If your system gets hanged or you face any other problem in internet connectivity, - \"Don\'t Worry, Kindly close the window of the Test and you can resume your test from where you had left.\":li:|:li:Once clicked on the (SUBMIT TEST) button, You Cannot REDO this Speed Test.....:li:|:specialnotes:Please note all questions appear in your defaut language. This language can be changed for a particular question later on. :specialnotes:',180,0),(36,'Paper 2','UPSC 2018',':head:INSTRUCTION FOR ST (SBI CLK-PRE):head:|:subhead:Please read the following instructions very carefully::subhead:|:li:Read carefully the instructions before starting the test.you can read the instructions in between the exam after clicking the \"INSTRUCTION BUTTON\".:li:|:li:You have 60 minutes (20 minutes for English Language, 20 minutes for Numerical Ability and 20 minutes for Reasoning Ability) to complete the test.:li:|:li:The test contains a total of 100 questions.:li:|:li:There is only one correct answer to each question. Click on the most appropriate option to mark it as your answer.:li:|:li:You will be awarded 1 marks for each correct answer.:li:|:li:There is 0.25 negative marks for each wrong answer.:li:|:li:According to your selection of questions it will change the colour in the boxes at the right side window, these colours will help you to identify the required group of questions.:li:|:li:You can unmark your answer by clicking on the \"CLEAR RESPONSE\" Option.:li:|:li:You can mark a question for reviewing it later by clicking on the “marked & review” button.:li:|:li:You can use the \"FILTER BUTTON\" to select your choices individually according to your given answers.:li:|:li:A Number list of all questions appears at the right hand side of the window. You can access the questions in any order within a section or across sections by clicking on the question number given on the number list.:li:|:li:You can use rough sheets while taking the test. Do not use calculators, log tables, dictionaries, or any other printed/online reference material during the test.:li:|:li:Do not click the button “SUBMIT TEST” before completing the test. A test once submitted cannot be resumed.:li:|:li: If your system gets hanged or you face any other problem in internet connectivity, - \"Don\'t Worry, Kindly close the window of the Test and you can resume your test from where you had left.\":li:|:li:Once clicked on the (SUBMIT TEST) button, You Cannot REDO this Speed Test.....:li:|:specialnotes:Please note all questions appear in your defaut language. This language can be changed for a particular question later on. :specialnotes:',180,1),(37,NULL,NULL,':head:INSTRUCTION FOR ST (SBI CLK-PRE):head:|:subhead:Please read the following instructions very carefully::subhead:|:li:Read carefully the instructions before starting the test.you can read the instructions in between the exam after clicking the \"INSTRUCTION BUTTON\".:li:|:li:You have 60 minutes (20 minutes for English Language, 20 minutes for Numerical Ability and 20 minutes for Reasoning Ability) to complete the test.:li:|:li:The test contains a total of 100 questions.:li:|:li:There is only one correct answer to each question. Click on the most appropriate option to mark it as your answer.:li:|:li:You will be awarded 1 marks for each correct answer.:li:|:li:There is 0.25 negative marks for each wrong answer.:li:|:li:According to your selection of questions it will change the colour in the boxes at the right side window, these colours will help you to identify the required group of questions.:li:|:li:You can unmark your answer by clicking on the \"CLEAR RESPONSE\" Option.:li:|:li:You can mark a question for reviewing it later by clicking on the “marked & review” button.:li:|:li:You can use the \"FILTER BUTTON\" to select your choices individually according to your given answers.:li:|:li:A Number list of all questions appears at the right hand side of the window. You can access the questions in any order within a section or across sections by clicking on the question number given on the number list.:li:|:li:You can use rough sheets while taking the test. Do not use calculators, log tables, dictionaries, or any other printed/online reference material during the test.:li:|:li:Do not click the button “SUBMIT TEST” before completing the test. A test once submitted cannot be resumed.:li:|:li: If your system gets hanged or you face any other problem in internet connectivity, - \"Don\'t Worry, Kindly close the window of the Test and you can resume your test from where you had left.\":li:|:li:Once clicked on the (SUBMIT TEST) button, You Cannot REDO this Speed Test.....:li:|:specialnotes:Please note all questions appear in your defaut language. This language can be changed for a particular question later on. :specialnotes:',NULL,0),(38,NULL,'asdf','asdf',123,0),(39,NULL,'qqqqqqqqq','qqqqqqqq',111,1),(40,'Paper Test 1','UPSC Pre 1',':head:Head:head:|:subhead:Sub HEad:subhead:|:li:i 1:li:|:li:i 2:li:|:li:i 3:li:|:specialnotes:asdf asdf asd fasf:specialnotes:|',123,0),(41,'asdfa','asdf',':head::head:|:subhead::subhead:|:li::li:|:specialnotes::specialnotes:|',12,0),(42,'','',':head::head:|:subhead::subhead:|:li::li:|:specialnotes::specialnotes:|',0,0),(43,'','',':head::head:|:subhead::subhead:|:li::li:|:specialnotes::specialnotes:|',0,0),(44,'','',':head::head:|:subhead::subhead:|:li::li:|:specialnotes::specialnotes:|',0,1),(45,'Test 123456','English',':head:asdg vser sdf hsh sdf:head:|:subhead:sd fgsdf sdh sdfghs dfh sdfh:subhead:|:li:sdfg sdfgs dfg sdfgs:li:|:li:sdhtrueu yety jjstqrt wgsfdfg:li:|:specialnotes::specialnotes:|',7200,1),(46,'pras1','all subject',':head:faf asf sd fasdf s:head:|:subhead:sdfgdf gsdf g:subhead:|:li:adfgfg;lk;k:li:|:specialnotes:.,mklnlnjkjb ,msdfjksg,:specialnotes:|',7200,1),(47,'1212efsfdfsdscv','ADAFSVAD',':head:SDSD:head:|:subhead:CVSD:subhead:|:li:VSDVQ:li:|:specialnotes:XCVDFVDF:specialnotes:|',7380,1);

/*Table structure for table `question_paper_question_mapping` */

DROP TABLE IF EXISTS `question_paper_question_mapping`;

CREATE TABLE `question_paper_question_mapping` (
  `id` bigint(20) NOT NULL AUTO_INCREMENT,
  `question_paper_id` bigint(20) NOT NULL,
  `question_id` bigint(20) NOT NULL,
  PRIMARY KEY (`id`),
  KEY `question_id` (`question_id`),
  KEY `question_paper_id` (`question_paper_id`),
  CONSTRAINT `question_paper_question_mapping_ibfk_2` FOREIGN KEY (`question_id`) REFERENCES `question` (`id`),
  CONSTRAINT `question_paper_question_mapping_ibfk_3` FOREIGN KEY (`question_paper_id`) REFERENCES `question_paper` (`id`)
) ENGINE=InnoDB AUTO_INCREMENT=221 DEFAULT CHARSET=utf8;

/*Data for the table `question_paper_question_mapping` */

insert  into `question_paper_question_mapping`(`id`,`question_paper_id`,`question_id`) values (1,35,393),(2,35,398),(3,35,399),(4,35,395),(5,35,400),(6,35,389),(7,35,401),(8,35,402),(9,35,390),(10,35,403),(11,35,404),(12,35,405),(13,35,406),(14,35,391),(15,35,394),(16,35,407),(17,35,397),(18,35,408),(19,35,409),(20,35,392),(21,35,396),(22,35,388),(23,36,414),(24,36,415),(25,36,412),(26,36,420),(27,36,421),(28,36,419),(29,36,413),(30,36,416),(31,36,422),(32,36,424),(33,36,418),(34,36,417),(35,36,423),(36,36,425),(37,36,426),(38,36,427),(39,36,429),(40,36,428),(41,36,431),(42,36,410),(43,36,430),(44,36,411),(45,37,438),(46,37,434),(47,37,436),(48,37,437),(49,37,432),(50,37,435),(51,37,433),(52,37,439),(53,37,440),(54,37,443),(55,37,441),(56,37,444),(57,37,442),(58,37,447),(59,37,445),(60,37,446),(61,37,448),(62,37,449),(63,37,450),(64,37,452),(65,37,451),(66,37,453),(67,38,454),(68,38,464),(69,38,468),(70,38,458),(71,38,462),(72,38,457),(73,38,455),(74,38,466),(75,38,463),(76,38,460),(77,38,459),(78,38,461),(79,38,465),(80,38,467),(81,38,456),(82,38,469),(83,38,471),(84,38,470),(85,38,473),(86,38,472),(87,38,474),(88,38,475),(89,39,477),(90,39,476),(91,39,478),(92,39,479),(93,39,480),(94,39,481),(95,39,483),(96,39,482),(97,39,485),(98,39,484),(99,39,486),(100,39,487),(101,39,488),(102,39,492),(103,39,491),(104,39,489),(105,39,490),(106,39,493),(107,39,495),(108,39,494),(109,39,496),(110,39,497),(111,40,502),(112,40,501),(113,40,500),(114,40,503),(115,40,499),(116,40,498),(117,40,508),(118,40,506),(119,40,505),(120,40,509),(121,40,511),(122,40,510),(123,40,504),(124,40,512),(125,40,513),(126,40,514),(127,40,515),(128,40,507),(129,40,516),(130,40,517),(131,40,518),(132,40,519),(133,41,522),(134,41,530),(135,41,524),(136,41,520),(137,41,527),(138,41,531),(139,41,523),(140,41,526),(141,41,532),(142,41,521),(143,41,533),(144,41,528),(145,41,536),(146,41,534),(147,41,535),(148,41,537),(149,41,539),(150,41,540),(151,41,538),(152,41,529),(153,41,541),(154,41,525),(155,42,543),(156,42,547),(157,42,548),(158,42,546),(159,42,545),(160,42,544),(161,42,552),(162,42,554),(163,42,542),(164,42,553),(165,42,555),(166,42,556),(167,42,557),(168,42,558),(169,42,551),(170,42,559),(171,42,550),(172,42,561),(173,42,560),(174,42,549),(175,42,562),(176,42,563),(177,43,564),(178,43,565),(179,43,566),(180,43,567),(181,43,568),(182,43,569),(183,43,570),(184,43,571),(185,43,572),(186,43,573),(187,43,574),(188,43,576),(189,43,575),(190,43,577),(191,43,578),(192,43,579),(193,43,581),(194,43,580),(195,43,582),(196,43,583),(197,43,584),(198,43,585),(199,44,589),(200,44,595),(201,44,597),(202,44,588),(203,44,590),(204,44,598),(205,44,599),(206,44,591),(207,44,600),(208,44,602),(209,44,601),(210,44,603),(211,44,592),(212,44,604),(213,44,606),(214,44,605),(215,44,607),(216,44,593),(217,44,596),(218,44,594),(219,44,586),(220,44,587);

/*Table structure for table `question_types` */

DROP TABLE IF EXISTS `question_types`;

CREATE TABLE `question_types` (
  `id` bigint(20) NOT NULL AUTO_INCREMENT,
  `question_type` varchar(100) NOT NULL,
  PRIMARY KEY (`id`)
) ENGINE=InnoDB AUTO_INCREMENT=2 DEFAULT CHARSET=utf8;

/*Data for the table `question_types` */

insert  into `question_types`(`id`,`question_type`) values (1,'single_answer');

/*Table structure for table `student` */

DROP TABLE IF EXISTS `student`;

CREATE TABLE `student` (
  `id` bigint(20) NOT NULL AUTO_INCREMENT,
  `user_id` bigint(11) NOT NULL,
  `batch_id` bigint(20) DEFAULT NULL,
  `registration_start_date` datetime DEFAULT NULL,
  `registration_end_date` datetime DEFAULT NULL,
  PRIMARY KEY (`id`),
  KEY `batch_id` (`batch_id`),
  KEY `user_id` (`user_id`),
  CONSTRAINT `student_ibfk_4` FOREIGN KEY (`batch_id`) REFERENCES `batch` (`id`),
  CONSTRAINT `student_ibfk_5` FOREIGN KEY (`user_id`) REFERENCES `user` (`id`)
) ENGINE=InnoDB AUTO_INCREMENT=11 DEFAULT CHARSET=utf8;

/*Data for the table `student` */

insert  into `student`(`id`,`user_id`,`batch_id`,`registration_start_date`,`registration_end_date`) values (4,1,1,'2018-03-17 00:00:00','2018-03-27 00:00:00'),(10,2,2,'2018-03-18 15:52:04','2019-04-18 15:52:04');

/*Table structure for table `student_exam_history` */

DROP TABLE IF EXISTS `student_exam_history`;

CREATE TABLE `student_exam_history` (
  `id` bigint(20) NOT NULL AUTO_INCREMENT,
  `student_id` bigint(20) DEFAULT NULL,
  `question_paper_id` bigint(20) DEFAULT NULL,
  `start_date` datetime DEFAULT NULL,
  `exam_status_id` bigint(20) DEFAULT NULL,
  `end_date` datetime DEFAULT NULL,
  `time_left_in_secs` int(11) DEFAULT NULL,
  PRIMARY KEY (`id`),
  KEY `exam_status_id` (`exam_status_id`),
  KEY `student_id` (`student_id`),
  CONSTRAINT `student_exam_history_ibfk_1` FOREIGN KEY (`exam_status_id`) REFERENCES `exam_status` (`id`),
  CONSTRAINT `student_exam_history_ibfk_2` FOREIGN KEY (`student_id`) REFERENCES `student` (`id`)
) ENGINE=InnoDB AUTO_INCREMENT=11 DEFAULT CHARSET=utf8;

/*Data for the table `student_exam_history` */

insert  into `student_exam_history`(`id`,`student_id`,`question_paper_id`,`start_date`,`exam_status_id`,`end_date`,`time_left_in_secs`) values (10,4,36,'2018-12-01 15:24:58',2,'2018-12-01 15:19:56',0);

/*Table structure for table `student_exam_mapping` */

DROP TABLE IF EXISTS `student_exam_mapping`;

CREATE TABLE `student_exam_mapping` (
  `id` bigint(20) NOT NULL AUTO_INCREMENT,
  `batch_id` bigint(20) DEFAULT NULL,
  `student_id` bigint(20) DEFAULT NULL,
  `question_paper_id` bigint(20) NOT NULL,
  `available_from` datetime DEFAULT NULL,
  `available_till` datetime DEFAULT NULL,
  PRIMARY KEY (`id`),
  KEY `student_id` (`student_id`),
  KEY `question_paper_id` (`question_paper_id`),
  KEY `batch_id` (`batch_id`),
  CONSTRAINT `student_exam_mapping_ibfk_1` FOREIGN KEY (`student_id`) REFERENCES `student` (`id`),
  CONSTRAINT `student_exam_mapping_ibfk_2` FOREIGN KEY (`question_paper_id`) REFERENCES `question_paper` (`id`),
  CONSTRAINT `student_exam_mapping_ibfk_3` FOREIGN KEY (`batch_id`) REFERENCES `batch` (`id`)
) ENGINE=InnoDB AUTO_INCREMENT=6 DEFAULT CHARSET=utf8;

/*Data for the table `student_exam_mapping` */

insert  into `student_exam_mapping`(`id`,`batch_id`,`student_id`,`question_paper_id`,`available_from`,`available_till`) values (1,1,NULL,36,'2018-05-01 00:00:00','2019-05-31 00:00:00'),(2,1,NULL,34,'2018-06-01 00:00:00','2019-05-31 00:00:00'),(3,2,NULL,36,'2018-06-01 00:00:00','2019-05-31 00:00:00'),(4,2,NULL,34,'2018-09-03 00:00:00','2019-05-31 00:00:00'),(5,1,NULL,46,'2018-11-01 00:00:00','2018-11-30 00:00:00');

/*Table structure for table `teacher` */

DROP TABLE IF EXISTS `teacher`;

CREATE TABLE `teacher` (
  `id` bigint(20) NOT NULL AUTO_INCREMENT,
  `user_id` bigint(20) NOT NULL,
  `isPaperSetter` tinyint(1) DEFAULT NULL,
  `isExamScheduler` tinyint(1) DEFAULT NULL,
  PRIMARY KEY (`id`)
) ENGINE=InnoDB AUTO_INCREMENT=2 DEFAULT CHARSET=utf8;

/*Data for the table `teacher` */

insert  into `teacher`(`id`,`user_id`,`isPaperSetter`,`isExamScheduler`) values (1,1,1,1);

/*Table structure for table `user` */

DROP TABLE IF EXISTS `user`;

CREATE TABLE `user` (
  `id` bigint(11) NOT NULL AUTO_INCREMENT,
  `first_name` varchar(50) NOT NULL,
  `middle_name` varchar(50) DEFAULT NULL,
  `last_name` varchar(50) DEFAULT NULL,
  `dob` date DEFAULT NULL,
  `email` varchar(100) DEFAULT NULL,
  `mobile` varchar(10) DEFAULT NULL,
  `address` varchar(200) DEFAULT NULL,
  `username` varchar(100) NOT NULL,
  `password` varchar(100) NOT NULL,
  `gender` varchar(1) DEFAULT NULL,
  `city` varchar(50) DEFAULT NULL,
  `registration_date` datetime DEFAULT NULL,
  `registration_validity` datetime DEFAULT NULL,
  `batch` varchar(50) DEFAULT NULL,
  `last_login` datetime DEFAULT NULL,
  PRIMARY KEY (`id`,`username`)
) ENGINE=InnoDB AUTO_INCREMENT=23 DEFAULT CHARSET=utf8;

/*Data for the table `user` */

insert  into `user`(`id`,`first_name`,`middle_name`,`last_name`,`dob`,`email`,`mobile`,`address`,`username`,`password`,`gender`,`city`,`registration_date`,`registration_validity`,`batch`,`last_login`) values (1,'prashant',NULL,'singh','1986-09-19','prashant19sep@gmail.com','8123065731','Bangalore','prashant19sep','prashant','M','Bangalore','2016-09-19 00:00:00','2018-09-19 00:00:00','UPSC 2018','2018-01-20 02:03:41'),(2,'neha',NULL,'patel','1988-08-23','patelneha23@gmail.com','8806283773','bangalore','patelneha23','neha','F','Bangalore','2016-09-19 00:00:00','2019-09-19 00:00:00','UPSC 2018','2018-01-20 02:03:41'),(22,'asdf','asdf','asdf',NULL,'prashant19sep1@gmail.com','asdfasdf',NULL,'prashant19sep1@gmail.com','asdfasdf',NULL,NULL,'2018-03-18 15:52:04','2018-04-18 15:52:04',NULL,NULL);

/*!40101 SET SQL_MODE=@OLD_SQL_MODE */;
/*!40014 SET FOREIGN_KEY_CHECKS=@OLD_FOREIGN_KEY_CHECKS */;
/*!40014 SET UNIQUE_CHECKS=@OLD_UNIQUE_CHECKS */;
/*!40111 SET SQL_NOTES=@OLD_SQL_NOTES */;
